"Date_Time","DO_conc","Temp_C","station"
2023-02-20 17:00:00,8.92,20.14,"NHC"
2023-02-20 17:15:00,10.96,12.16,"NHC"
2023-02-20 17:30:00,11.6,10.54,"NHC"
2023-02-20 17:45:00,11.61,10.32,"NHC"
2023-02-20 18:00:00,11.56,10.28,"NHC"
2023-02-20 18:15:00,11.48,10.26,"NHC"
2023-02-20 18:30:00,11.4,10.24,"NHC"
2023-02-20 18:45:00,11.32,10.24,"NHC"
2023-02-20 19:00:00,11.26,10.24,"NHC"
2023-02-20 19:15:00,11.19,10.22,"NHC"
2023-02-20 19:30:00,11.12,10.2,"NHC"
2023-02-20 19:45:00,11.07,10.2,"NHC"
2023-02-20 20:00:00,11.03,10.18,"NHC"
2023-02-20 20:15:00,11,10.16,"NHC"
2023-02-20 20:30:00,10.96,10.14,"NHC"
2023-02-20 20:45:00,10.93,10.12,"NHC"
2023-02-20 21:00:00,10.91,10.12,"NHC"
2023-02-20 21:15:00,10.89,10.1,"NHC"
2023-02-20 21:30:00,10.87,10.08,"NHC"
2023-02-20 21:45:00,10.86,10.06,"NHC"
2023-02-20 22:00:00,10.82,10.04,"NHC"
2023-02-20 22:15:00,10.82,10.04,"NHC"
2023-02-20 22:30:00,10.8,10.02,"NHC"
2023-02-20 22:45:00,10.79,10,"NHC"
2023-02-20 23:00:00,10.78,9.98,"NHC"
2023-02-20 23:15:00,10.76,9.98,"NHC"
2023-02-20 23:30:00,10.77,9.96,"NHC"
2023-02-20 23:45:00,10.75,9.94,"NHC"
2023-02-21,10.74,9.92,"NHC"
2023-02-21 00:15:00,10.74,9.9,"NHC"
2023-02-21 00:30:00,10.72,9.88,"NHC"
2023-02-21 00:45:00,10.73,9.86,"NHC"
2023-02-21 01:00:00,10.74,9.84,"NHC"
2023-02-21 01:15:00,10.73,9.8,"NHC"
2023-02-21 01:30:00,10.73,9.78,"NHC"
2023-02-21 01:45:00,10.73,9.76,"NHC"
2023-02-21 02:00:00,10.73,9.74,"NHC"
2023-02-21 02:15:00,10.73,9.72,"NHC"
2023-02-21 02:30:00,10.74,9.7,"NHC"
2023-02-21 02:45:00,10.74,9.66,"NHC"
2023-02-21 03:00:00,10.74,9.64,"NHC"
2023-02-21 03:15:00,10.75,9.62,"NHC"
2023-02-21 03:30:00,10.75,9.6,"NHC"
2023-02-21 03:45:00,10.76,9.58,"NHC"
2023-02-21 04:00:00,10.76,9.56,"NHC"
2023-02-21 04:15:00,10.75,9.54,"NHC"
2023-02-21 04:30:00,10.77,9.52,"NHC"
2023-02-21 04:45:00,10.77,9.5,"NHC"
2023-02-21 05:00:00,10.78,9.48,"NHC"
2023-02-21 05:15:00,10.77,9.48,"NHC"
2023-02-21 05:30:00,10.78,9.46,"NHC"
2023-02-21 05:45:00,10.79,9.46,"NHC"
2023-02-21 06:00:00,10.79,9.44,"NHC"
2023-02-21 06:15:00,10.8,9.42,"NHC"
2023-02-21 06:30:00,10.8,9.4,"NHC"
2023-02-21 06:45:00,10.8,9.38,"NHC"
2023-02-21 07:00:00,10.8,9.38,"NHC"
2023-02-21 07:15:00,10.82,9.36,"NHC"
2023-02-21 07:30:00,10.83,9.34,"NHC"
2023-02-21 07:45:00,10.89,9.34,"NHC"
2023-02-21 08:00:00,10.94,9.34,"NHC"
2023-02-21 08:15:00,11.01,9.34,"NHC"
2023-02-21 08:30:00,11.09,9.34,"NHC"
2023-02-21 08:45:00,11.2,9.34,"NHC"
2023-02-21 09:00:00,11.32,9.36,"NHC"
2023-02-21 09:15:00,11.45,9.38,"NHC"
2023-02-21 09:30:00,11.57,9.42,"NHC"
2023-02-21 09:45:00,11.71,9.48,"NHC"
2023-02-21 10:00:00,11.81,9.56,"NHC"
2023-02-21 10:15:00,11.95,9.64,"NHC"
2023-02-21 10:30:00,12.05,9.74,"NHC"
2023-02-21 10:45:00,12.16,9.86,"NHC"
2023-02-21 11:00:00,12.24,10,"NHC"
2023-02-21 11:15:00,12.32,10.14,"NHC"
2023-02-21 11:30:00,12.42,10.28,"NHC"
2023-02-21 11:45:00,12.48,10.44,"NHC"
2023-02-21 12:00:00,12.52,10.58,"NHC"
2023-02-21 12:15:00,12.56,10.72,"NHC"
2023-02-21 12:30:00,12.55,10.84,"NHC"
2023-02-21 12:45:00,12.61,11,"NHC"
2023-02-21 13:00:00,12.64,11.2,"NHC"
2023-02-21 13:15:00,12.63,11.38,"NHC"
2023-02-21 13:30:00,12.66,11.56,"NHC"
2023-02-21 13:45:00,12.66,11.74,"NHC"
2023-02-21 14:00:00,12.66,11.9,"NHC"
2023-02-21 14:15:00,12.66,12.06,"NHC"
2023-02-21 14:30:00,12.62,12.16,"NHC"
2023-02-21 14:45:00,12.62,12.28,"NHC"
2023-02-21 15:00:00,12.59,12.36,"NHC"
2023-02-21 15:15:00,12.52,12.42,"NHC"
2023-02-21 15:30:00,12.46,12.44,"NHC"
2023-02-21 15:45:00,12.36,12.46,"NHC"
2023-02-21 16:00:00,12.33,12.5,"NHC"
2023-02-21 16:15:00,12.26,12.52,"NHC"
2023-02-21 16:30:00,12.15,12.52,"NHC"
2023-02-21 16:45:00,12.08,12.52,"NHC"
2023-02-21 17:00:00,11.98,12.52,"NHC"
2023-02-21 17:15:00,11.88,12.48,"NHC"
2023-02-21 17:30:00,11.76,12.46,"NHC"
2023-02-21 17:45:00,11.64,12.42,"NHC"
2023-02-21 18:00:00,11.51,12.38,"NHC"
2023-02-21 18:15:00,11.38,12.34,"NHC"
2023-02-21 18:30:00,11.26,12.32,"NHC"
2023-02-21 18:45:00,11.16,12.28,"NHC"
2023-02-21 19:00:00,11.04,12.24,"NHC"
2023-02-21 19:15:00,10.95,12.22,"NHC"
2023-02-21 19:30:00,10.86,12.2,"NHC"
2023-02-21 19:45:00,10.78,12.16,"NHC"
2023-02-21 20:00:00,10.72,12.14,"NHC"
2023-02-21 20:15:00,10.65,12.1,"NHC"
2023-02-21 20:30:00,10.61,12.08,"NHC"
2023-02-21 20:45:00,10.55,12.04,"NHC"
2023-02-21 21:00:00,10.52,12,"NHC"
2023-02-21 21:15:00,10.47,11.98,"NHC"
2023-02-21 21:30:00,10.46,11.94,"NHC"
2023-02-21 21:45:00,10.44,11.9,"NHC"
2023-02-21 22:00:00,10.4,11.84,"NHC"
2023-02-21 22:15:00,10.4,11.8,"NHC"
2023-02-21 22:30:00,10.38,11.76,"NHC"
2023-02-21 22:45:00,10.36,11.7,"NHC"
2023-02-21 23:00:00,10.35,11.64,"NHC"
2023-02-21 23:15:00,10.34,11.6,"NHC"
2023-02-21 23:30:00,10.34,11.54,"NHC"
2023-02-21 23:45:00,10.33,11.48,"NHC"
2023-02-22,10.33,11.42,"NHC"
2023-02-22 00:15:00,10.33,11.36,"NHC"
2023-02-22 00:30:00,10.32,11.3,"NHC"
2023-02-22 00:45:00,10.34,11.24,"NHC"
2023-02-22 01:00:00,10.33,11.18,"NHC"
2023-02-22 01:15:00,10.33,11.12,"NHC"
2023-02-22 01:30:00,10.35,11.08,"NHC"
2023-02-22 01:45:00,10.35,11.02,"NHC"
2023-02-22 02:00:00,10.35,10.96,"NHC"
2023-02-22 02:15:00,10.36,10.92,"NHC"
2023-02-22 02:30:00,10.37,10.86,"NHC"
2023-02-22 02:45:00,10.38,10.82,"NHC"
2023-02-22 03:00:00,10.39,10.76,"NHC"
2023-02-22 03:15:00,10.39,10.72,"NHC"
2023-02-22 03:30:00,10.4,10.68,"NHC"
2023-02-22 03:45:00,10.41,10.64,"NHC"
2023-02-22 04:00:00,10.42,10.6,"NHC"
2023-02-22 04:15:00,10.45,10.54,"NHC"
2023-02-22 04:30:00,10.45,10.52,"NHC"
2023-02-22 04:45:00,10.46,10.48,"NHC"
2023-02-22 05:00:00,10.48,10.46,"NHC"
2023-02-22 05:15:00,10.48,10.44,"NHC"
2023-02-22 05:30:00,10.48,10.4,"NHC"
2023-02-22 05:45:00,10.5,10.38,"NHC"
2023-02-22 06:00:00,10.52,10.36,"NHC"
2023-02-22 06:15:00,10.52,10.34,"NHC"
2023-02-22 06:30:00,10.53,10.34,"NHC"
2023-02-22 06:45:00,10.55,10.32,"NHC"
2023-02-22 07:00:00,10.55,10.3,"NHC"
2023-02-22 07:15:00,10.56,10.28,"NHC"
2023-02-22 07:30:00,10.59,10.26,"NHC"
2023-02-22 07:45:00,10.64,10.26,"NHC"
2023-02-22 08:00:00,10.72,10.26,"NHC"
2023-02-22 08:15:00,10.79,10.26,"NHC"
2023-02-22 08:30:00,10.86,10.26,"NHC"
2023-02-22 08:45:00,10.93,10.28,"NHC"
2023-02-22 09:00:00,11.02,10.3,"NHC"
2023-02-22 09:15:00,11.18,10.32,"NHC"
2023-02-22 09:30:00,11.34,10.38,"NHC"
2023-02-22 09:45:00,11.45,10.44,"NHC"
2023-02-22 10:00:00,11.58,10.5,"NHC"
2023-02-22 10:15:00,11.76,10.6,"NHC"
2023-02-22 10:30:00,11.89,10.7,"NHC"
2023-02-22 10:45:00,12.03,10.82,"NHC"
2023-02-22 11:00:00,12.16,10.94,"NHC"
2023-02-22 11:15:00,12.29,11.08,"NHC"
2023-02-22 11:30:00,12.36,11.24,"NHC"
2023-02-22 11:45:00,12.45,11.4,"NHC"
2023-02-22 12:00:00,12.51,11.54,"NHC"
2023-02-22 12:15:00,12.56,11.72,"NHC"
2023-02-22 12:30:00,12.6,11.86,"NHC"
2023-02-22 12:45:00,12.6,12.02,"NHC"
2023-02-22 13:00:00,12.64,12.22,"NHC"
2023-02-22 13:15:00,12.66,12.4,"NHC"
2023-02-22 13:30:00,12.65,12.6,"NHC"
2023-02-22 13:45:00,12.64,12.78,"NHC"
2023-02-22 14:00:00,12.69,13,"NHC"
2023-02-22 14:15:00,12.65,13.2,"NHC"
2023-02-22 14:30:00,12.64,13.36,"NHC"
2023-02-22 14:45:00,12.61,13.5,"NHC"
2023-02-22 15:00:00,12.52,13.62,"NHC"
2023-02-22 15:15:00,12.51,13.74,"NHC"
2023-02-22 15:30:00,12.45,13.86,"NHC"
2023-02-22 15:45:00,12.37,13.94,"NHC"
2023-02-22 16:00:00,12.28,14,"NHC"
2023-02-22 16:15:00,12.2,14.06,"NHC"
2023-02-22 16:30:00,12.06,14.08,"NHC"
2023-02-22 16:45:00,11.93,14.1,"NHC"
2023-02-22 17:00:00,11.81,14.1,"NHC"
2023-02-22 17:15:00,11.66,14.1,"NHC"
2023-02-22 17:30:00,11.57,14.1,"NHC"
2023-02-22 17:45:00,11.4,14.08,"NHC"
2023-02-22 18:00:00,11.26,14.08,"NHC"
2023-02-22 18:15:00,11.15,14.04,"NHC"
2023-02-22 18:30:00,11.01,14.02,"NHC"
2023-02-22 18:45:00,10.89,13.98,"NHC"
2023-02-22 19:00:00,10.77,13.94,"NHC"
2023-02-22 19:15:00,10.67,13.9,"NHC"
2023-02-22 19:30:00,10.58,13.86,"NHC"
2023-02-22 19:45:00,10.51,13.84,"NHC"
2023-02-22 20:00:00,10.4,13.78,"NHC"
2023-02-22 20:15:00,10.35,13.74,"NHC"
2023-02-22 20:30:00,10.28,13.7,"NHC"
2023-02-22 20:45:00,10.23,13.66,"NHC"
2023-02-22 21:00:00,10.18,13.64,"NHC"
2023-02-22 21:15:00,10.14,13.6,"NHC"
2023-02-22 21:30:00,10.1,13.56,"NHC"
2023-02-22 21:45:00,10.07,13.54,"NHC"
2023-02-22 22:00:00,10.04,13.5,"NHC"
2023-02-22 22:15:00,10.02,13.48,"NHC"
2023-02-22 22:30:00,9.99,13.46,"NHC"
2023-02-22 22:45:00,9.97,13.44,"NHC"
2023-02-22 23:00:00,9.95,13.4,"NHC"
2023-02-22 23:15:00,9.93,13.38,"NHC"
2023-02-22 23:30:00,9.91,13.36,"NHC"
2023-02-22 23:45:00,9.9,13.32,"NHC"
2023-02-23,9.88,13.3,"NHC"
2023-02-23 00:15:00,9.86,13.26,"NHC"
2023-02-23 00:30:00,9.86,13.24,"NHC"
2023-02-23 00:45:00,9.83,13.2,"NHC"
2023-02-23 01:00:00,9.84,13.16,"NHC"
2023-02-23 01:15:00,9.84,13.14,"NHC"
2023-02-23 01:30:00,9.83,13.1,"NHC"
2023-02-23 01:45:00,9.82,13.06,"NHC"
2023-02-23 02:00:00,9.83,13.04,"NHC"
2023-02-23 02:15:00,9.83,13,"NHC"
2023-02-23 02:30:00,9.82,12.98,"NHC"
2023-02-23 02:45:00,9.83,12.96,"NHC"
2023-02-23 03:00:00,9.83,12.94,"NHC"
2023-02-23 03:15:00,9.83,12.92,"NHC"
2023-02-23 03:30:00,9.83,12.92,"NHC"
2023-02-23 03:45:00,9.84,12.9,"NHC"
2023-02-23 04:00:00,9.84,12.9,"NHC"
2023-02-23 04:15:00,9.84,12.88,"NHC"
2023-02-23 04:30:00,9.84,12.88,"NHC"
2023-02-23 04:45:00,9.84,12.88,"NHC"
2023-02-23 05:00:00,9.85,12.86,"NHC"
2023-02-23 05:15:00,9.84,12.86,"NHC"
2023-02-23 05:30:00,9.84,12.86,"NHC"
2023-02-23 05:45:00,9.85,12.84,"NHC"
2023-02-23 06:00:00,9.84,12.84,"NHC"
2023-02-23 06:15:00,9.86,12.86,"NHC"
2023-02-23 06:30:00,9.86,12.86,"NHC"
2023-02-23 06:45:00,9.85,12.84,"NHC"
2023-02-23 07:00:00,9.85,12.86,"NHC"
2023-02-23 07:15:00,9.88,12.84,"NHC"
2023-02-23 07:30:00,9.88,12.84,"NHC"
2023-02-23 07:45:00,9.94,12.86,"NHC"
2023-02-23 08:00:00,9.97,12.86,"NHC"
2023-02-23 08:15:00,10.05,12.88,"NHC"
2023-02-23 08:30:00,10.08,12.9,"NHC"
2023-02-23 08:45:00,10.21,12.94,"NHC"
2023-02-23 09:00:00,10.35,12.98,"NHC"
2023-02-23 09:15:00,10.47,13.04,"NHC"
2023-02-23 09:30:00,10.58,13.1,"NHC"
2023-02-23 09:45:00,10.72,13.16,"NHC"
2023-02-23 10:00:00,10.9,13.26,"NHC"
2023-02-23 10:15:00,11.04,13.36,"NHC"
2023-02-23 10:30:00,11.2,13.48,"NHC"
2023-02-23 10:45:00,11.31,13.6,"NHC"
2023-02-23 11:00:00,11.43,13.74,"NHC"
2023-02-23 11:15:00,11.54,13.88,"NHC"
2023-02-23 11:30:00,11.65,14.02,"NHC"
2023-02-23 11:45:00,11.74,14.18,"NHC"
2023-02-23 12:00:00,11.82,14.34,"NHC"
2023-02-23 12:15:00,11.93,14.5,"NHC"
2023-02-23 12:30:00,11.96,14.66,"NHC"
2023-02-23 12:45:00,12.02,14.86,"NHC"
2023-02-23 13:00:00,12.03,15.02,"NHC"
2023-02-23 13:15:00,12,15.12,"NHC"
2023-02-23 13:30:00,11.99,15.26,"NHC"
2023-02-23 13:45:00,11.98,15.4,"NHC"
2023-02-23 14:00:00,11.95,15.54,"NHC"
2023-02-23 14:15:00,11.96,15.72,"NHC"
2023-02-23 14:30:00,11.93,15.92,"NHC"
2023-02-23 14:45:00,11.86,16.02,"NHC"
2023-02-23 15:00:00,11.79,16.08,"NHC"
2023-02-23 15:15:00,11.7,16.14,"NHC"
2023-02-23 15:30:00,11.62,16.2,"NHC"
2023-02-23 15:45:00,11.52,16.26,"NHC"
2023-02-23 16:00:00,11.51,16.34,"NHC"
2023-02-23 16:15:00,11.44,16.42,"NHC"
2023-02-23 16:30:00,11.33,16.44,"NHC"
2023-02-23 16:45:00,11.11,16.44,"NHC"
2023-02-23 17:00:00,10.97,16.44,"NHC"
2023-02-23 17:15:00,10.84,16.42,"NHC"
2023-02-23 17:30:00,10.73,16.38,"NHC"
2023-02-23 17:45:00,10.55,16.36,"NHC"
2023-02-23 18:00:00,10.44,16.34,"NHC"
2023-02-23 18:15:00,10.34,16.32,"NHC"
2023-02-23 18:30:00,10.23,16.3,"NHC"
2023-02-23 18:45:00,10.1,16.26,"NHC"
2023-02-23 19:00:00,10,16.22,"NHC"
2023-02-23 19:15:00,9.92,16.18,"NHC"
2023-02-23 19:30:00,9.84,16.14,"NHC"
2023-02-23 19:45:00,9.78,16.1,"NHC"
2023-02-23 20:00:00,9.7,16.08,"NHC"
2023-02-23 20:15:00,9.64,16.04,"NHC"
2023-02-23 20:30:00,9.6,16.02,"NHC"
2023-02-23 20:45:00,9.54,16,"NHC"
2023-02-23 21:00:00,9.51,15.98,"NHC"
2023-02-23 21:15:00,9.47,15.94,"NHC"
2023-02-23 21:30:00,9.43,15.92,"NHC"
2023-02-23 21:45:00,9.4,15.9,"NHC"
2023-02-23 22:00:00,9.39,15.88,"NHC"
2023-02-23 22:15:00,9.37,15.84,"NHC"
2023-02-23 22:30:00,9.35,15.82,"NHC"
2023-02-23 22:45:00,9.33,15.8,"NHC"
2023-02-23 23:00:00,9.3,15.76,"NHC"
2023-02-23 23:15:00,9.29,15.74,"NHC"
2023-02-23 23:30:00,9.28,15.72,"NHC"
2023-02-23 23:45:00,9.26,15.68,"NHC"
2023-02-24,9.26,15.66,"NHC"
2023-02-24 00:15:00,9.25,15.62,"NHC"
2023-02-24 00:30:00,9.22,15.58,"NHC"
2023-02-24 00:45:00,9.23,15.56,"NHC"
2023-02-24 01:00:00,9.22,15.52,"NHC"
2023-02-24 01:15:00,9.23,15.48,"NHC"
2023-02-24 01:30:00,9.24,15.44,"NHC"
2023-02-24 01:45:00,9.23,15.4,"NHC"
2023-02-24 02:00:00,9.23,15.36,"NHC"
2023-02-24 02:15:00,9.23,15.32,"NHC"
2023-02-24 02:30:00,9.23,15.28,"NHC"
2023-02-24 02:45:00,9.22,15.22,"NHC"
2023-02-24 03:00:00,9.24,15.18,"NHC"
2023-02-24 03:15:00,9.24,15.16,"NHC"
2023-02-24 03:30:00,9.24,15.12,"NHC"
2023-02-24 03:45:00,9.25,15.06,"NHC"
2023-02-24 04:00:00,9.26,15.04,"NHC"
2023-02-24 04:15:00,9.27,14.98,"NHC"
2023-02-24 04:30:00,9.28,14.94,"NHC"
2023-02-24 04:45:00,9.29,14.9,"NHC"
2023-02-24 05:00:00,9.28,14.88,"NHC"
2023-02-24 05:15:00,9.29,14.84,"NHC"
2023-02-24 05:30:00,9.3,14.8,"NHC"
2023-02-24 05:45:00,9.33,14.76,"NHC"
2023-02-24 06:00:00,9.32,14.74,"NHC"
2023-02-24 06:15:00,9.35,14.7,"NHC"
2023-02-24 06:30:00,9.36,14.68,"NHC"
2023-02-24 06:45:00,9.36,14.64,"NHC"
2023-02-24 07:00:00,9.37,14.62,"NHC"
2023-02-24 07:15:00,9.39,14.6,"NHC"
2023-02-24 07:30:00,9.4,14.58,"NHC"
2023-02-24 07:45:00,9.44,14.56,"NHC"
2023-02-24 08:00:00,9.52,14.54,"NHC"
2023-02-24 08:15:00,9.57,14.54,"NHC"
2023-02-24 08:30:00,9.64,14.54,"NHC"
2023-02-24 08:45:00,9.76,14.54,"NHC"
2023-02-24 09:00:00,9.9,14.56,"NHC"
2023-02-24 09:15:00,10,14.58,"NHC"
2023-02-24 09:30:00,10.12,14.6,"NHC"
2023-02-24 09:45:00,10.26,14.62,"NHC"
2023-02-24 10:00:00,10.45,14.68,"NHC"
2023-02-24 10:15:00,10.58,14.72,"NHC"
2023-02-24 10:30:00,10.74,14.8,"NHC"
2023-02-24 10:45:00,10.84,14.86,"NHC"
2023-02-24 11:00:00,10.98,14.94,"NHC"
2023-02-24 11:15:00,11.1,15.02,"NHC"
2023-02-24 11:30:00,11.23,15.1,"NHC"
2023-02-24 11:45:00,11.34,15.2,"NHC"
2023-02-24 12:00:00,11.44,15.3,"NHC"
2023-02-24 12:15:00,11.52,15.38,"NHC"
2023-02-24 12:30:00,11.6,15.48,"NHC"
2023-02-24 12:45:00,11.65,15.6,"NHC"
2023-02-24 13:00:00,11.72,15.74,"NHC"
2023-02-24 13:15:00,11.78,15.86,"NHC"
2023-02-24 13:30:00,11.82,16,"NHC"
2023-02-24 13:45:00,11.85,16.1,"NHC"
2023-02-24 14:00:00,11.87,16.2,"NHC"
2023-02-24 14:15:00,11.88,16.32,"NHC"
2023-02-24 14:30:00,11.87,16.42,"NHC"
2023-02-24 14:45:00,11.84,16.5,"NHC"
2023-02-24 15:00:00,11.79,16.54,"NHC"
2023-02-24 15:15:00,11.74,16.58,"NHC"
2023-02-24 15:30:00,11.66,16.6,"NHC"
2023-02-24 15:45:00,11.63,16.6,"NHC"
2023-02-24 16:00:00,11.56,16.6,"NHC"
2023-02-24 16:15:00,11.52,16.6,"NHC"
2023-02-24 16:30:00,11.43,16.58,"NHC"
2023-02-24 16:45:00,11.37,16.52,"NHC"
2023-02-24 17:00:00,11.29,16.5,"NHC"
2023-02-24 17:15:00,11.22,16.44,"NHC"
2023-02-24 17:30:00,11.11,16.4,"NHC"
2023-02-24 17:45:00,10.97,16.36,"NHC"
2023-02-24 18:00:00,10.87,16.3,"NHC"
2023-02-24 18:15:00,10.74,16.24,"NHC"
2023-02-24 18:30:00,10.65,16.18,"NHC"
2023-02-24 18:45:00,10.48,16.1,"NHC"
2023-02-24 19:00:00,10.37,16.02,"NHC"
2023-02-24 19:15:00,10.27,15.94,"NHC"
2023-02-24 19:30:00,10.16,15.86,"NHC"
2023-02-24 19:45:00,10.07,15.78,"NHC"
2023-02-24 20:00:00,10,15.72,"NHC"
2023-02-24 20:15:00,9.92,15.64,"NHC"
2023-02-24 20:30:00,9.86,15.58,"NHC"
2023-02-24 20:45:00,9.82,15.5,"NHC"
2023-02-24 21:00:00,9.77,15.46,"NHC"
2023-02-24 21:15:00,9.75,15.4,"NHC"
2023-02-24 21:30:00,9.7,15.36,"NHC"
2023-02-24 21:45:00,9.68,15.32,"NHC"
2023-02-24 22:00:00,9.65,15.3,"NHC"
2023-02-24 22:15:00,9.63,15.26,"NHC"
2023-02-24 22:30:00,9.61,15.22,"NHC"
2023-02-24 22:45:00,9.6,15.2,"NHC"
2023-02-24 23:00:00,9.58,15.18,"NHC"
2023-02-24 23:15:00,9.57,15.16,"NHC"
2023-02-24 23:30:00,9.55,15.12,"NHC"
2023-02-24 23:45:00,9.55,15.1,"NHC"
2023-02-25,9.52,15.06,"NHC"
2023-02-25 00:15:00,9.53,15.02,"NHC"
2023-02-25 00:30:00,9.52,14.98,"NHC"
2023-02-25 00:45:00,9.51,14.92,"NHC"
2023-02-25 01:00:00,9.52,14.88,"NHC"
2023-02-25 01:15:00,9.51,14.82,"NHC"
2023-02-25 01:30:00,9.5,14.76,"NHC"
2023-02-25 01:45:00,9.5,14.7,"NHC"
2023-02-25 02:00:00,9.51,14.62,"NHC"
2023-02-25 02:15:00,9.53,14.56,"NHC"
2023-02-25 02:30:00,9.53,14.52,"NHC"
2023-02-25 02:45:00,9.54,14.44,"NHC"
2023-02-25 03:00:00,9.54,14.38,"NHC"
2023-02-25 03:15:00,9.54,14.32,"NHC"
2023-02-25 03:30:00,9.55,14.24,"NHC"
2023-02-25 03:45:00,9.56,14.2,"NHC"
2023-02-25 04:00:00,9.58,14.14,"NHC"
2023-02-25 04:15:00,9.57,14.1,"NHC"
2023-02-25 04:30:00,9.6,14.04,"NHC"
2023-02-25 04:45:00,9.61,14,"NHC"
2023-02-25 05:00:00,9.62,13.94,"NHC"
2023-02-25 05:15:00,9.63,13.9,"NHC"
2023-02-25 05:30:00,9.64,13.86,"NHC"
2023-02-25 05:45:00,9.65,13.82,"NHC"
2023-02-25 06:00:00,9.65,13.78,"NHC"
2023-02-25 06:15:00,9.66,13.72,"NHC"
2023-02-25 06:30:00,9.67,13.7,"NHC"
2023-02-25 06:45:00,9.68,13.64,"NHC"
2023-02-25 07:00:00,9.69,13.62,"NHC"
2023-02-25 07:15:00,9.71,13.58,"NHC"
2023-02-25 07:30:00,9.72,13.54,"NHC"
2023-02-25 07:45:00,9.76,13.5,"NHC"
2023-02-25 08:00:00,9.79,13.46,"NHC"
2023-02-25 08:15:00,9.82,13.42,"NHC"
2023-02-25 08:30:00,9.89,13.4,"NHC"
2023-02-25 08:45:00,9.96,13.38,"NHC"
2023-02-25 09:00:00,10.07,13.36,"NHC"
2023-02-25 09:15:00,10.2,13.36,"NHC"
2023-02-25 09:30:00,10.31,13.32,"NHC"
2023-02-25 09:45:00,10.38,13.3,"NHC"
2023-02-25 10:00:00,10.44,13.28,"NHC"
2023-02-25 10:15:00,10.54,13.26,"NHC"
2023-02-25 10:30:00,10.68,13.26,"NHC"
2023-02-25 10:45:00,10.78,13.24,"NHC"
2023-02-25 11:00:00,10.84,13.24,"NHC"
2023-02-25 11:15:00,10.86,13.2,"NHC"
2023-02-25 11:30:00,10.94,13.18,"NHC"
2023-02-25 11:45:00,11.02,13.18,"NHC"
2023-02-25 12:00:00,11.07,13.18,"NHC"
2023-02-25 12:15:00,11.11,13.16,"NHC"
2023-02-25 12:30:00,11.15,13.16,"NHC"
2023-02-25 12:45:00,11.12,13.12,"NHC"
2023-02-25 13:00:00,11.15,13.12,"NHC"
2023-02-25 13:15:00,11.17,13.1,"NHC"
2023-02-25 13:30:00,11.18,13.08,"NHC"
2023-02-25 13:45:00,11.15,13.06,"NHC"
2023-02-25 14:00:00,11.11,13.04,"NHC"
2023-02-25 14:15:00,11.09,13.02,"NHC"
2023-02-25 14:30:00,11.09,13,"NHC"
2023-02-25 14:45:00,11.06,12.98,"NHC"
2023-02-25 15:00:00,11.05,12.94,"NHC"
2023-02-25 15:15:00,11.02,12.92,"NHC"
2023-02-25 15:30:00,10.96,12.9,"NHC"
2023-02-25 15:45:00,10.94,12.88,"NHC"
2023-02-25 16:00:00,10.91,12.84,"NHC"
2023-02-25 16:15:00,10.89,12.82,"NHC"
2023-02-25 16:30:00,10.84,12.8,"NHC"
2023-02-25 16:45:00,10.8,12.78,"NHC"
2023-02-25 17:00:00,10.77,12.76,"NHC"
2023-02-25 17:15:00,10.74,12.74,"NHC"
2023-02-25 17:30:00,10.68,12.7,"NHC"
2023-02-25 17:45:00,10.64,12.68,"NHC"
2023-02-25 18:00:00,10.61,12.66,"NHC"
2023-02-25 18:15:00,10.56,12.64,"NHC"
2023-02-25 18:30:00,10.53,12.62,"NHC"
2023-02-25 18:45:00,10.49,12.58,"NHC"
2023-02-25 19:00:00,10.46,12.56,"NHC"
2023-02-25 19:15:00,10.42,12.54,"NHC"
2023-02-25 19:30:00,10.39,12.52,"NHC"
2023-02-25 19:45:00,10.35,12.48,"NHC"
2023-02-25 20:00:00,10.34,12.46,"NHC"
2023-02-25 20:15:00,10.31,12.44,"NHC"
2023-02-25 20:30:00,10.28,12.42,"NHC"
2023-02-25 20:45:00,10.27,12.4,"NHC"
2023-02-25 21:00:00,10.26,12.36,"NHC"
2023-02-25 21:15:00,10.24,12.34,"NHC"
2023-02-25 21:30:00,10.23,12.32,"NHC"
2023-02-25 21:45:00,10.23,12.3,"NHC"
2023-02-25 22:00:00,10.22,12.28,"NHC"
2023-02-25 22:15:00,10.21,12.26,"NHC"
2023-02-25 22:30:00,10.21,12.24,"NHC"
2023-02-25 22:45:00,10.21,12.22,"NHC"
2023-02-25 23:00:00,10.19,12.2,"NHC"
2023-02-25 23:15:00,10.2,12.18,"NHC"
2023-02-25 23:30:00,10.2,12.16,"NHC"
2023-02-25 23:45:00,10.19,12.14,"NHC"
2023-02-26,10.19,12.12,"NHC"
2023-02-26 00:15:00,10.18,12.12,"NHC"
2023-02-26 00:30:00,10.18,12.1,"NHC"
2023-02-26 00:45:00,10.18,12.08,"NHC"
2023-02-26 01:00:00,10.17,12.06,"NHC"
2023-02-26 01:15:00,10.18,12.04,"NHC"
2023-02-26 01:30:00,10.18,12.04,"NHC"
2023-02-26 01:45:00,10.18,12.02,"NHC"
2023-02-26 02:00:00,10.17,12,"NHC"
2023-02-26 02:15:00,10.18,11.98,"NHC"
2023-02-26 02:30:00,10.17,11.98,"NHC"
2023-02-26 02:45:00,10.18,11.96,"NHC"
2023-02-26 03:00:00,10.17,11.94,"NHC"
2023-02-26 03:15:00,10.17,11.92,"NHC"
2023-02-26 03:30:00,10.17,11.92,"NHC"
2023-02-26 03:45:00,10.19,11.9,"NHC"
2023-02-26 04:00:00,10.18,11.88,"NHC"
2023-02-26 04:15:00,10.17,11.88,"NHC"
2023-02-26 04:30:00,10.18,11.86,"NHC"
2023-02-26 04:45:00,10.19,11.84,"NHC"
2023-02-26 05:00:00,10.19,11.82,"NHC"
2023-02-26 05:15:00,10.2,11.82,"NHC"
2023-02-26 05:30:00,10.21,11.8,"NHC"
2023-02-26 05:45:00,10.19,11.78,"NHC"
2023-02-26 06:00:00,10.2,11.76,"NHC"
2023-02-26 06:15:00,10.2,11.74,"NHC"
2023-02-26 06:30:00,10.21,11.74,"NHC"
2023-02-26 06:45:00,10.22,11.72,"NHC"
2023-02-26 07:00:00,10.22,11.7,"NHC"
2023-02-26 07:15:00,10.23,11.68,"NHC"
2023-02-26 07:30:00,10.23,11.68,"NHC"
2023-02-26 07:45:00,10.26,11.66,"NHC"
2023-02-26 08:00:00,10.28,11.64,"NHC"
2023-02-26 08:15:00,10.33,11.64,"NHC"
2023-02-26 08:30:00,10.35,11.64,"NHC"
2023-02-26 08:45:00,10.4,11.64,"NHC"
2023-02-26 09:00:00,10.48,11.64,"NHC"
2023-02-26 09:15:00,10.55,11.64,"NHC"
2023-02-26 09:30:00,10.61,11.64,"NHC"
2023-02-26 09:45:00,10.68,11.66,"NHC"
2023-02-26 10:00:00,10.8,11.68,"NHC"
2023-02-26 10:15:00,10.9,11.7,"NHC"
2023-02-26 10:30:00,10.94,11.72,"NHC"
2023-02-26 10:45:00,11.05,11.74,"NHC"
2023-02-26 11:00:00,11.1,11.76,"NHC"
2023-02-26 11:15:00,11.16,11.78,"NHC"
2023-02-26 11:30:00,11.28,11.82,"NHC"
2023-02-26 11:45:00,11.38,11.86,"NHC"
2023-02-26 12:00:00,11.46,11.92,"NHC"
2023-02-26 12:15:00,11.48,11.96,"NHC"
2023-02-26 12:30:00,11.57,12,"NHC"
2023-02-26 12:45:00,11.64,12.04,"NHC"
2023-02-26 13:00:00,11.68,12.08,"NHC"
2023-02-26 13:15:00,11.75,12.12,"NHC"
2023-02-26 13:30:00,11.8,12.16,"NHC"
2023-02-26 13:45:00,11.85,12.22,"NHC"
2023-02-26 14:00:00,11.89,12.28,"NHC"
2023-02-26 14:15:00,11.92,12.34,"NHC"
2023-02-26 14:30:00,11.95,12.4,"NHC"
2023-02-26 14:45:00,11.99,12.46,"NHC"
2023-02-26 15:00:00,12,12.5,"NHC"
2023-02-26 15:15:00,12.01,12.54,"NHC"
2023-02-26 15:30:00,12.02,12.56,"NHC"
2023-02-26 15:45:00,11.98,12.58,"NHC"
2023-02-26 16:00:00,11.95,12.6,"NHC"
2023-02-26 16:15:00,11.95,12.64,"NHC"
2023-02-26 16:30:00,11.92,12.66,"NHC"
2023-02-26 16:45:00,11.86,12.68,"NHC"
2023-02-26 17:00:00,11.8,12.68,"NHC"
2023-02-26 17:15:00,11.76,12.68,"NHC"
2023-02-26 17:30:00,11.67,12.66,"NHC"
2023-02-26 17:45:00,11.6,12.64,"NHC"
2023-02-26 18:00:00,11.49,12.64,"NHC"
2023-02-26 18:15:00,11.4,12.62,"NHC"
2023-02-26 18:30:00,11.29,12.62,"NHC"
2023-02-26 18:45:00,11.22,12.6,"NHC"
2023-02-26 19:00:00,11.09,12.6,"NHC"
2023-02-26 19:15:00,11.02,12.58,"NHC"
2023-02-26 19:30:00,10.9,12.56,"NHC"
2023-02-26 19:45:00,10.83,12.54,"NHC"
2023-02-26 20:00:00,10.76,12.5,"NHC"
2023-02-26 20:15:00,10.67,12.48,"NHC"
2023-02-26 20:30:00,10.62,12.46,"NHC"
2023-02-26 20:45:00,10.56,12.44,"NHC"
2023-02-26 21:00:00,10.53,12.4,"NHC"
2023-02-26 21:15:00,10.5,12.38,"NHC"
2023-02-26 21:30:00,10.46,12.34,"NHC"
2023-02-26 21:45:00,10.41,12.3,"NHC"
2023-02-26 22:00:00,10.4,12.28,"NHC"
2023-02-26 22:15:00,10.36,12.24,"NHC"
2023-02-26 22:30:00,10.35,12.2,"NHC"
2023-02-26 22:45:00,10.34,12.16,"NHC"
2023-02-26 23:00:00,10.33,12.12,"NHC"
2023-02-26 23:15:00,10.31,12.1,"NHC"
2023-02-26 23:30:00,10.31,12.04,"NHC"
2023-02-26 23:45:00,10.28,12,"NHC"
2023-02-27,10.3,11.96,"NHC"
2023-02-27 00:15:00,10.27,11.92,"NHC"
2023-02-27 00:30:00,10.27,11.9,"NHC"
2023-02-27 00:45:00,10.27,11.84,"NHC"
2023-02-27 01:00:00,10.25,11.8,"NHC"
2023-02-27 01:15:00,10.25,11.76,"NHC"
2023-02-27 01:30:00,10.25,11.72,"NHC"
2023-02-27 01:45:00,10.25,11.68,"NHC"
2023-02-27 02:00:00,10.25,11.62,"NHC"
2023-02-27 02:15:00,10.25,11.58,"NHC"
2023-02-27 02:30:00,10.24,11.54,"NHC"
2023-02-27 02:45:00,10.24,11.5,"NHC"
2023-02-27 03:00:00,10.25,11.46,"NHC"
2023-02-27 03:15:00,10.23,11.42,"NHC"
2023-02-27 03:30:00,10.25,11.38,"NHC"
2023-02-27 03:45:00,10.25,11.36,"NHC"
2023-02-27 04:00:00,10.25,11.32,"NHC"
2023-02-27 04:15:00,10.26,11.3,"NHC"
2023-02-27 04:30:00,10.26,11.26,"NHC"
2023-02-27 04:45:00,10.27,11.22,"NHC"
2023-02-27 05:00:00,10.27,11.2,"NHC"
2023-02-27 05:15:00,10.26,11.18,"NHC"
2023-02-27 05:30:00,10.28,11.14,"NHC"
2023-02-27 05:45:00,10.28,11.12,"NHC"
2023-02-27 06:00:00,10.3,11.1,"NHC"
2023-02-27 06:15:00,10.31,11.08,"NHC"
2023-02-27 06:30:00,10.32,11.04,"NHC"
2023-02-27 06:45:00,10.32,11.02,"NHC"
2023-02-27 07:00:00,10.33,11,"NHC"
2023-02-27 07:15:00,10.32,10.98,"NHC"
2023-02-27 07:30:00,10.36,10.96,"NHC"
2023-02-27 07:45:00,10.39,10.94,"NHC"
2023-02-27 08:00:00,10.42,10.94,"NHC"
2023-02-27 08:15:00,10.49,10.94,"NHC"
2023-02-27 08:30:00,10.56,10.94,"NHC"
2023-02-27 08:45:00,10.63,10.96,"NHC"
2023-02-27 09:00:00,10.78,10.98,"NHC"
2023-02-27 09:15:00,10.84,11,"NHC"
2023-02-27 09:30:00,10.95,11.04,"NHC"
2023-02-27 09:45:00,11.05,11.06,"NHC"
2023-02-27 10:00:00,11.1,11.08,"NHC"
2023-02-27 10:15:00,11.22,11.1,"NHC"
2023-02-27 10:30:00,11.32,11.16,"NHC"
2023-02-27 10:45:00,11.43,11.24,"NHC"
2023-02-27 11:00:00,11.51,11.32,"NHC"
2023-02-27 11:15:00,11.61,11.42,"NHC"
2023-02-27 11:30:00,11.71,11.54,"NHC"
2023-02-27 11:45:00,11.78,11.64,"NHC"
2023-02-27 12:00:00,11.87,11.72,"NHC"
2023-02-27 12:15:00,11.92,11.8,"NHC"
2023-02-27 12:30:00,11.99,11.88,"NHC"
2023-02-27 12:45:00,12.05,11.98,"NHC"
2023-02-27 13:00:00,12.06,12.08,"NHC"
2023-02-27 13:15:00,12.1,12.14,"NHC"
2023-02-27 13:30:00,12.15,12.26,"NHC"
2023-02-27 13:45:00,12.18,12.4,"NHC"
2023-02-27 14:00:00,12.17,12.52,"NHC"
2023-02-27 14:15:00,12.17,12.6,"NHC"
2023-02-27 14:30:00,12.17,12.66,"NHC"
2023-02-27 14:45:00,12.19,12.76,"NHC"
2023-02-27 15:00:00,12.18,12.84,"NHC"
2023-02-27 15:15:00,12.16,12.92,"NHC"
2023-02-27 15:30:00,12.14,12.98,"NHC"
2023-02-27 15:45:00,12.07,13.04,"NHC"
2023-02-27 16:00:00,12.02,13.08,"NHC"
2023-02-27 16:15:00,11.95,13.12,"NHC"
2023-02-27 16:30:00,11.89,13.14,"NHC"
2023-02-27 16:45:00,11.79,13.16,"NHC"
2023-02-27 17:00:00,11.68,13.16,"NHC"
2023-02-27 17:15:00,11.56,13.18,"NHC"
2023-02-27 17:30:00,11.44,13.18,"NHC"
2023-02-27 17:45:00,11.35,13.2,"NHC"
2023-02-27 18:00:00,11.23,13.22,"NHC"
2023-02-27 18:15:00,11.11,13.22,"NHC"
2023-02-27 18:30:00,10.96,13.22,"NHC"
2023-02-27 18:45:00,10.88,13.2,"NHC"
2023-02-27 19:00:00,10.76,13.2,"NHC"
2023-02-27 19:15:00,10.65,13.2,"NHC"
2023-02-27 19:30:00,10.56,13.18,"NHC"
2023-02-27 19:45:00,10.49,13.16,"NHC"
2023-02-27 20:00:00,10.41,13.16,"NHC"
2023-02-27 20:15:00,10.36,13.14,"NHC"
2023-02-27 20:30:00,10.32,13.14,"NHC"
2023-02-27 20:45:00,10.25,13.12,"NHC"
2023-02-27 21:00:00,10.2,13.1,"NHC"
2023-02-27 21:15:00,10.18,13.1,"NHC"
2023-02-27 21:30:00,10.14,13.1,"NHC"
2023-02-27 21:45:00,10.11,13.08,"NHC"
2023-02-27 22:00:00,10.08,13.08,"NHC"
2023-02-27 22:15:00,10.05,13.08,"NHC"
2023-02-27 22:30:00,10.03,13.08,"NHC"
2023-02-27 22:45:00,10,13.08,"NHC"
2023-02-27 23:00:00,9.98,13.08,"NHC"
2023-02-27 23:15:00,9.95,13.08,"NHC"
2023-02-27 23:30:00,9.94,13.08,"NHC"
2023-02-27 23:45:00,9.93,13.08,"NHC"
2023-02-28,9.91,13.06,"NHC"
2023-02-28 00:15:00,9.89,13.06,"NHC"
2023-02-28 00:30:00,9.86,13.06,"NHC"
2023-02-28 00:45:00,9.84,13.08,"NHC"
2023-02-28 01:00:00,9.83,13.08,"NHC"
2023-02-28 01:15:00,9.81,13.08,"NHC"
2023-02-28 01:30:00,9.8,13.06,"NHC"
2023-02-28 01:45:00,9.78,13.06,"NHC"
2023-02-28 02:00:00,9.77,13.06,"NHC"
2023-02-28 02:15:00,9.75,13.04,"NHC"
2023-02-28 02:30:00,9.75,13.04,"NHC"
2023-02-28 02:45:00,9.74,13.02,"NHC"
2023-02-28 03:00:00,9.72,13.02,"NHC"
2023-02-28 03:15:00,9.72,13,"NHC"
2023-02-28 03:30:00,9.74,12.98,"NHC"
2023-02-28 03:45:00,9.72,12.96,"NHC"
2023-02-28 04:00:00,9.7,12.94,"NHC"
2023-02-28 04:15:00,9.71,12.92,"NHC"
2023-02-28 04:30:00,9.72,12.88,"NHC"
2023-02-28 04:45:00,9.7,12.86,"NHC"
2023-02-28 05:00:00,9.74,12.84,"NHC"
2023-02-28 05:15:00,9.71,12.8,"NHC"
2023-02-28 05:30:00,9.74,12.78,"NHC"
2023-02-28 05:45:00,9.74,12.76,"NHC"
2023-02-28 06:00:00,9.74,12.72,"NHC"
2023-02-28 06:15:00,9.75,12.68,"NHC"
2023-02-28 06:30:00,9.74,12.66,"NHC"
2023-02-28 06:45:00,9.76,12.62,"NHC"
2023-02-28 07:00:00,9.76,12.58,"NHC"
2023-02-28 07:15:00,9.77,12.56,"NHC"
2023-02-28 07:30:00,9.81,12.54,"NHC"
2023-02-28 07:45:00,9.86,12.52,"NHC"
2023-02-28 08:00:00,9.92,12.52,"NHC"
2023-02-28 08:15:00,9.98,12.52,"NHC"
2023-02-28 08:30:00,10.05,12.52,"NHC"
2023-02-28 08:45:00,10.17,12.54,"NHC"
2023-02-28 09:00:00,10.27,12.56,"NHC"
2023-02-28 09:15:00,10.41,12.6,"NHC"
2023-02-28 09:30:00,10.51,12.64,"NHC"
2023-02-28 09:45:00,10.65,12.7,"NHC"
2023-02-28 10:00:00,10.75,12.76,"NHC"
2023-02-28 10:15:00,10.9,12.84,"NHC"
2023-02-28 10:30:00,10.98,12.9,"NHC"
2023-02-28 10:45:00,11.11,13.02,"NHC"
2023-02-28 11:00:00,11.2,13.12,"NHC"
2023-02-28 11:15:00,11.26,13.26,"NHC"
2023-02-28 11:30:00,11.37,13.4,"NHC"
2023-02-28 11:45:00,11.45,13.54,"NHC"
2023-02-28 12:00:00,11.49,13.7,"NHC"
2023-02-28 12:15:00,11.54,13.84,"NHC"
2023-02-28 12:30:00,11.58,14.02,"NHC"
2023-02-28 12:45:00,11.62,14.16,"NHC"
2023-02-28 13:00:00,11.64,14.32,"NHC"
2023-02-28 13:15:00,11.67,14.5,"NHC"
2023-02-28 13:30:00,11.68,14.7,"NHC"
2023-02-28 13:45:00,11.71,14.88,"NHC"
2023-02-28 14:00:00,11.71,15.04,"NHC"
2023-02-28 14:15:00,11.67,15.2,"NHC"
2023-02-28 14:30:00,11.66,15.34,"NHC"
2023-02-28 14:45:00,11.64,15.48,"NHC"
2023-02-28 15:00:00,11.59,15.58,"NHC"
2023-02-28 15:15:00,11.54,15.66,"NHC"
2023-02-28 15:30:00,11.5,15.72,"NHC"
2023-02-28 15:45:00,11.44,15.78,"NHC"
2023-02-28 16:00:00,11.4,15.82,"NHC"
2023-02-28 16:15:00,11.3,15.86,"NHC"
2023-02-28 16:30:00,11.2,15.88,"NHC"
2023-02-28 16:45:00,11.1,15.88,"NHC"
2023-02-28 17:00:00,10.97,15.88,"NHC"
2023-02-28 17:15:00,10.88,15.86,"NHC"
2023-02-28 17:30:00,10.7,15.86,"NHC"
2023-02-28 17:45:00,10.6,15.84,"NHC"
2023-02-28 18:00:00,10.51,15.8,"NHC"
2023-02-28 18:15:00,10.37,15.78,"NHC"
2023-02-28 18:30:00,10.28,15.74,"NHC"
2023-02-28 18:45:00,10.2,15.7,"NHC"
2023-02-28 19:00:00,10.11,15.64,"NHC"
2023-02-28 19:15:00,10.05,15.58,"NHC"
2023-02-28 19:30:00,9.96,15.5,"NHC"
2023-02-28 19:45:00,9.9,15.42,"NHC"
2023-02-28 20:00:00,9.84,15.34,"NHC"
2023-02-28 20:15:00,9.8,15.26,"NHC"
2023-02-28 20:30:00,9.75,15.16,"NHC"
2023-02-28 20:45:00,9.71,15.08,"NHC"
2023-02-28 21:00:00,9.69,15,"NHC"
2023-02-28 21:15:00,9.66,14.92,"NHC"
2023-02-28 21:30:00,9.63,14.84,"NHC"
2023-02-28 21:45:00,9.62,14.76,"NHC"
2023-02-28 22:00:00,9.58,14.7,"NHC"
2023-02-28 22:15:00,9.57,14.6,"NHC"
2023-02-28 22:30:00,9.56,14.54,"NHC"
2023-02-28 22:45:00,9.56,14.46,"NHC"
2023-02-28 23:00:00,9.55,14.42,"NHC"
2023-02-28 23:15:00,9.55,14.34,"NHC"
2023-02-28 23:30:00,9.54,14.28,"NHC"
2023-02-28 23:45:00,9.54,14.22,"NHC"
2023-03-01,9.53,14.16,"NHC"
2023-03-01 00:15:00,9.52,14.1,"NHC"
2023-03-01 00:30:00,9.52,14.06,"NHC"
2023-03-01 00:45:00,9.53,14,"NHC"
2023-03-01 01:00:00,9.53,13.94,"NHC"
2023-03-01 01:15:00,9.53,13.9,"NHC"
2023-03-01 01:30:00,9.54,13.86,"NHC"
2023-03-01 01:45:00,9.54,13.82,"NHC"
2023-03-01 02:00:00,9.55,13.76,"NHC"
2023-03-01 02:15:00,9.55,13.72,"NHC"
2023-03-01 02:30:00,9.57,13.68,"NHC"
2023-03-01 02:45:00,9.56,13.64,"NHC"
2023-03-01 03:00:00,9.57,13.58,"NHC"
2023-03-01 03:15:00,9.6,13.54,"NHC"
2023-03-01 03:30:00,9.62,13.48,"NHC"
2023-03-01 03:45:00,9.62,13.42,"NHC"
2023-03-01 04:00:00,9.64,13.36,"NHC"
2023-03-01 04:15:00,9.65,13.3,"NHC"
2023-03-01 04:30:00,9.66,13.26,"NHC"
2023-03-01 04:45:00,9.68,13.2,"NHC"
2023-03-01 05:00:00,9.69,13.14,"NHC"
2023-03-01 05:15:00,9.68,13.1,"NHC"
2023-03-01 05:30:00,9.7,13.04,"NHC"
2023-03-01 05:45:00,9.71,12.98,"NHC"
2023-03-01 06:00:00,9.74,12.94,"NHC"
2023-03-01 06:15:00,9.76,12.88,"NHC"
2023-03-01 06:30:00,9.77,12.84,"NHC"
2023-03-01 06:45:00,9.79,12.8,"NHC"
2023-03-01 07:00:00,9.78,12.78,"NHC"
2023-03-01 07:15:00,9.81,12.74,"NHC"
2023-03-01 07:30:00,9.83,12.72,"NHC"
2023-03-01 07:45:00,9.88,12.7,"NHC"
2023-03-01 08:00:00,9.92,12.68,"NHC"
2023-03-01 08:15:00,9.99,12.68,"NHC"
2023-03-01 08:30:00,10.05,12.68,"NHC"
2023-03-01 08:45:00,10.14,12.68,"NHC"
2023-03-01 09:00:00,10.19,12.7,"NHC"
2023-03-01 09:15:00,10.31,12.7,"NHC"
2023-03-01 09:30:00,10.41,12.72,"NHC"
2023-03-01 09:45:00,10.51,12.74,"NHC"
2023-03-01 10:00:00,10.61,12.78,"NHC"
2023-03-01 10:15:00,10.76,12.82,"NHC"
2023-03-01 10:30:00,10.81,12.84,"NHC"
2023-03-01 10:45:00,10.95,12.88,"NHC"
2023-03-01 11:00:00,11.05,12.94,"NHC"
2023-03-01 11:15:00,11.17,13.02,"NHC"
2023-03-01 11:30:00,11.26,13.12,"NHC"
2023-03-01 11:45:00,11.38,13.22,"NHC"
2023-03-01 12:00:00,11.48,13.36,"NHC"
2023-03-01 12:15:00,11.57,13.48,"NHC"
2023-03-01 12:30:00,11.64,13.6,"NHC"
2023-03-01 12:45:00,11.71,13.7,"NHC"
2023-03-01 13:00:00,11.77,13.82,"NHC"
2023-03-01 13:15:00,11.84,13.96,"NHC"
2023-03-01 13:30:00,11.88,14.1,"NHC"
2023-03-01 13:45:00,11.91,14.2,"NHC"
2023-03-01 14:00:00,11.92,14.32,"NHC"
2023-03-01 14:15:00,11.94,14.42,"NHC"
2023-03-01 14:30:00,11.95,14.52,"NHC"
2023-03-01 14:45:00,11.94,14.6,"NHC"
2023-03-01 15:00:00,11.93,14.64,"NHC"
2023-03-01 15:15:00,11.88,14.7,"NHC"
2023-03-01 15:30:00,11.82,14.72,"NHC"
2023-03-01 15:45:00,11.77,14.76,"NHC"
2023-03-01 16:00:00,11.76,14.82,"NHC"
2023-03-01 16:15:00,11.72,14.86,"NHC"
2023-03-01 16:30:00,11.64,14.9,"NHC"
2023-03-01 16:45:00,11.53,14.92,"NHC"
2023-03-01 17:00:00,11.45,14.94,"NHC"
2023-03-01 17:15:00,11.36,14.94,"NHC"
2023-03-01 17:30:00,11.29,14.96,"NHC"
2023-03-01 17:45:00,11.16,14.94,"NHC"
2023-03-01 18:00:00,11.07,14.92,"NHC"
2023-03-01 18:15:00,10.92,14.9,"NHC"
2023-03-01 18:30:00,10.84,14.88,"NHC"
2023-03-01 18:45:00,10.69,14.84,"NHC"
2023-03-01 19:00:00,10.6,14.82,"NHC"
2023-03-01 19:15:00,10.49,14.78,"NHC"
2023-03-01 19:30:00,10.37,14.74,"NHC"
2023-03-01 19:45:00,10.32,14.7,"NHC"
2023-03-01 20:00:00,10.21,14.66,"NHC"
2023-03-01 20:15:00,10.16,14.62,"NHC"
2023-03-01 20:30:00,10.07,14.56,"NHC"
2023-03-01 20:45:00,10.03,14.52,"NHC"
2023-03-01 21:00:00,9.96,14.46,"NHC"
2023-03-01 21:15:00,9.92,14.4,"NHC"
2023-03-01 21:30:00,9.88,14.34,"NHC"
2023-03-01 21:45:00,9.84,14.3,"NHC"
2023-03-01 22:00:00,9.81,14.24,"NHC"
2023-03-01 22:15:00,9.78,14.18,"NHC"
2023-03-01 22:30:00,9.78,14.14,"NHC"
2023-03-01 22:45:00,9.75,14.12,"NHC"
2023-03-01 23:00:00,9.74,14.06,"NHC"
2023-03-01 23:15:00,9.71,14.02,"NHC"
2023-03-01 23:30:00,9.69,13.98,"NHC"
2023-03-01 23:45:00,9.69,13.94,"NHC"
2023-03-02,9.67,13.9,"NHC"
2023-03-02 00:15:00,9.66,13.86,"NHC"
2023-03-02 00:30:00,9.66,13.82,"NHC"
2023-03-02 00:45:00,9.64,13.8,"NHC"
2023-03-02 01:00:00,9.64,13.78,"NHC"
2023-03-02 01:15:00,9.63,13.76,"NHC"
2023-03-02 01:30:00,9.62,13.74,"NHC"
2023-03-02 01:45:00,9.61,13.7,"NHC"
2023-03-02 02:00:00,9.61,13.7,"NHC"
2023-03-02 02:15:00,9.62,13.68,"NHC"
2023-03-02 02:30:00,9.61,13.66,"NHC"
2023-03-02 02:45:00,9.58,13.66,"NHC"
2023-03-02 03:00:00,9.55,13.64,"NHC"
2023-03-02 03:15:00,9.55,13.64,"NHC"
2023-03-02 03:30:00,9.54,13.62,"NHC"
2023-03-02 03:45:00,9.54,13.62,"NHC"
2023-03-02 04:00:00,9.55,13.62,"NHC"
2023-03-02 04:15:00,9.55,13.6,"NHC"
2023-03-02 04:30:00,9.57,13.58,"NHC"
2023-03-02 04:45:00,9.61,13.56,"NHC"
2023-03-02 05:00:00,9.64,13.56,"NHC"
2023-03-02 05:15:00,9.65,13.54,"NHC"
2023-03-02 05:30:00,9.65,13.54,"NHC"
2023-03-02 05:45:00,9.64,13.52,"NHC"
2023-03-02 06:00:00,9.64,13.52,"NHC"
2023-03-02 06:15:00,9.66,13.5,"NHC"
2023-03-02 06:30:00,9.67,13.5,"NHC"
2023-03-02 06:45:00,9.66,13.48,"NHC"
2023-03-02 07:00:00,9.64,13.48,"NHC"
2023-03-02 07:15:00,9.65,13.46,"NHC"
2023-03-02 07:30:00,9.63,13.46,"NHC"
2023-03-02 07:45:00,9.64,13.46,"NHC"
2023-03-02 08:00:00,9.65,13.46,"NHC"
2023-03-02 08:15:00,9.69,13.48,"NHC"
2023-03-02 08:30:00,9.72,13.48,"NHC"
2023-03-02 08:45:00,9.78,13.5,"NHC"
2023-03-02 09:00:00,9.86,13.54,"NHC"
2023-03-02 09:15:00,9.94,13.56,"NHC"
2023-03-02 09:30:00,9.99,13.56,"NHC"
2023-03-02 09:45:00,10.04,13.58,"NHC"
2023-03-02 10:00:00,10.06,13.58,"NHC"
2023-03-02 10:15:00,10.07,13.56,"NHC"
2023-03-02 10:30:00,10.1,13.56,"NHC"
2023-03-02 10:45:00,10.14,13.54,"NHC"
2023-03-02 11:00:00,10.2,13.56,"NHC"
2023-03-02 11:15:00,10.21,13.58,"NHC"
2023-03-02 11:30:00,10.21,13.62,"NHC"
2023-03-02 11:45:00,10.2,13.66,"NHC"
2023-03-02 12:00:00,10.18,13.7,"NHC"
2023-03-02 12:15:00,10.18,13.78,"NHC"
2023-03-02 12:30:00,10.17,13.86,"NHC"
2023-03-02 12:45:00,10.17,13.92,"NHC"
2023-03-02 13:00:00,10.16,13.94,"NHC"
2023-03-02 13:15:00,10.16,13.98,"NHC"
2023-03-02 13:30:00,10.14,14,"NHC"
2023-03-02 13:45:00,10.13,14.02,"NHC"
2023-03-02 14:00:00,10.13,14.02,"NHC"
2023-03-02 14:15:00,10.11,14,"NHC"
2023-03-02 14:30:00,10.1,14,"NHC"
2023-03-02 14:45:00,10.07,14,"NHC"
2023-03-02 15:00:00,10.05,14,"NHC"
2023-03-02 15:15:00,10.03,14.02,"NHC"
2023-03-02 15:30:00,10,14.06,"NHC"
2023-03-02 15:45:00,10,14.08,"NHC"
2023-03-02 16:00:00,9.98,14.1,"NHC"
2023-03-02 16:15:00,9.98,14.12,"NHC"
2023-03-02 16:30:00,9.98,14.14,"NHC"
2023-03-02 16:45:00,9.96,14.14,"NHC"
2023-03-02 17:00:00,9.96,14.14,"NHC"
2023-03-02 17:15:00,9.95,14.16,"NHC"
2023-03-02 17:30:00,9.95,14.14,"NHC"
2023-03-02 17:45:00,9.94,14.14,"NHC"
2023-03-02 18:00:00,9.93,14.14,"NHC"
2023-03-02 18:15:00,9.93,14.12,"NHC"
2023-03-02 18:30:00,9.93,14.1,"NHC"
2023-03-02 18:45:00,9.93,14.1,"NHC"
2023-03-02 19:00:00,9.92,14.08,"NHC"
2023-03-02 19:15:00,9.93,14.06,"NHC"
2023-03-02 19:30:00,9.93,14.06,"NHC"
2023-03-02 19:45:00,9.92,14.04,"NHC"
2023-03-02 20:00:00,9.93,14.04,"NHC"
2023-03-02 20:15:00,9.93,14.04,"NHC"
2023-03-02 20:30:00,9.93,14.02,"NHC"
2023-03-02 20:45:00,9.93,14.02,"NHC"
2023-03-02 21:00:00,9.93,14.02,"NHC"
2023-03-02 21:15:00,9.93,14.02,"NHC"
2023-03-02 21:30:00,9.94,14.02,"NHC"
2023-03-02 21:45:00,9.94,14,"NHC"
2023-03-02 22:00:00,9.94,14,"NHC"
2023-03-02 22:15:00,9.93,14,"NHC"
2023-03-02 22:30:00,9.94,14,"NHC"
2023-03-02 22:45:00,9.94,14,"NHC"
2023-03-02 23:00:00,9.94,13.98,"NHC"
2023-03-02 23:15:00,9.94,13.98,"NHC"
2023-03-02 23:30:00,9.94,13.98,"NHC"
2023-03-02 23:45:00,9.94,13.96,"NHC"
2023-03-03,9.95,13.96,"NHC"
2023-03-03 00:15:00,9.96,13.96,"NHC"
2023-03-03 00:30:00,9.94,13.94,"NHC"
2023-03-03 00:45:00,9.95,13.94,"NHC"
2023-03-03 01:00:00,9.95,13.94,"NHC"
2023-03-03 01:15:00,9.95,13.94,"NHC"
2023-03-03 01:30:00,9.95,13.94,"NHC"
2023-03-03 01:45:00,9.94,13.94,"NHC"
2023-03-03 02:00:00,9.95,13.92,"NHC"
2023-03-03 02:15:00,9.95,13.92,"NHC"
2023-03-03 02:30:00,9.96,13.92,"NHC"
2023-03-03 02:45:00,9.95,13.9,"NHC"
2023-03-03 03:00:00,9.95,13.9,"NHC"
2023-03-03 03:15:00,9.96,13.88,"NHC"
2023-03-03 03:30:00,9.95,13.88,"NHC"
2023-03-03 03:45:00,9.96,13.86,"NHC"
2023-03-03 04:00:00,9.95,13.86,"NHC"
2023-03-03 04:15:00,9.96,13.84,"NHC"
2023-03-03 04:30:00,9.96,13.84,"NHC"
2023-03-03 04:45:00,9.96,13.82,"NHC"
2023-03-03 05:00:00,9.96,13.8,"NHC"
2023-03-03 05:15:00,9.96,13.8,"NHC"
2023-03-03 05:30:00,9.97,13.78,"NHC"
2023-03-03 05:45:00,9.97,13.78,"NHC"
2023-03-03 06:00:00,9.97,13.76,"NHC"
2023-03-03 06:15:00,9.97,13.74,"NHC"
2023-03-03 06:30:00,9.98,13.74,"NHC"
2023-03-03 06:45:00,9.97,13.72,"NHC"
2023-03-03 07:00:00,9.97,13.72,"NHC"
2023-03-03 07:15:00,9.98,13.72,"NHC"
2023-03-03 07:30:00,10,13.7,"NHC"
2023-03-03 07:45:00,10,13.7,"NHC"
2023-03-03 08:00:00,10.02,13.7,"NHC"
2023-03-03 08:15:00,10.04,13.7,"NHC"
2023-03-03 08:30:00,10.05,13.7,"NHC"
2023-03-03 08:45:00,10.06,13.7,"NHC"
2023-03-03 09:00:00,10.08,13.72,"NHC"
2023-03-03 09:15:00,10.1,13.72,"NHC"
2023-03-03 09:30:00,10.1,13.74,"NHC"
2023-03-03 09:45:00,10.12,13.74,"NHC"
2023-03-03 10:00:00,10.14,13.78,"NHC"
2023-03-03 10:15:00,10.18,13.8,"NHC"
2023-03-03 10:30:00,10.21,13.84,"NHC"
2023-03-03 10:45:00,10.24,13.88,"NHC"
2023-03-03 11:00:00,10.23,13.9,"NHC"
2023-03-03 11:15:00,10.22,13.92,"NHC"
2023-03-03 11:30:00,10.22,13.94,"NHC"
2023-03-03 11:45:00,10.21,13.98,"NHC"
2023-03-03 12:00:00,10.22,14,"NHC"
2023-03-03 12:15:00,10.21,14.02,"NHC"
2023-03-03 12:30:00,10.2,14.02,"NHC"
2023-03-03 12:45:00,10.22,14.06,"NHC"
2023-03-03 13:00:00,10.24,14.12,"NHC"
2023-03-03 13:15:00,10.31,14.22,"NHC"
2023-03-03 13:30:00,10.36,14.32,"NHC"
2023-03-03 13:45:00,10.37,14.4,"NHC"
2023-03-03 14:00:00,10.38,14.48,"NHC"
2023-03-03 14:15:00,10.37,14.56,"NHC"
2023-03-03 14:30:00,10.35,14.62,"NHC"
2023-03-03 14:45:00,10.32,14.66,"NHC"
2023-03-03 15:00:00,10.3,14.72,"NHC"
2023-03-03 15:15:00,10.27,14.76,"NHC"
2023-03-03 15:30:00,10.24,14.8,"NHC"
2023-03-03 15:45:00,10.2,14.82,"NHC"
2023-03-03 16:00:00,10.18,14.86,"NHC"
2023-03-03 16:15:00,10.12,14.88,"NHC"
2023-03-03 16:30:00,10.09,14.9,"NHC"
2023-03-03 16:45:00,10.06,14.92,"NHC"
2023-03-03 17:00:00,10.03,14.94,"NHC"
2023-03-03 17:15:00,9.99,14.96,"NHC"
2023-03-03 17:30:00,9.95,14.96,"NHC"
2023-03-03 17:45:00,9.9,14.96,"NHC"
2023-03-03 18:00:00,9.83,14.96,"NHC"
2023-03-03 18:15:00,9.8,14.96,"NHC"
2023-03-03 18:30:00,9.76,14.94,"NHC"
2023-03-03 18:45:00,9.74,14.94,"NHC"
2023-03-03 19:00:00,9.69,14.92,"NHC"
2023-03-03 19:15:00,9.67,14.9,"NHC"
2023-03-03 19:30:00,9.65,14.9,"NHC"
2023-03-03 19:45:00,9.62,14.88,"NHC"
2023-03-03 20:00:00,9.6,14.88,"NHC"
2023-03-03 20:15:00,9.58,14.86,"NHC"
2023-03-03 20:30:00,9.57,14.86,"NHC"
2023-03-03 20:45:00,9.55,14.86,"NHC"
2023-03-03 21:00:00,9.54,14.88,"NHC"
2023-03-03 21:15:00,9.54,14.88,"NHC"
2023-03-03 21:30:00,9.53,14.9,"NHC"
2023-03-03 21:45:00,9.51,14.92,"NHC"
2023-03-03 22:00:00,9.51,14.94,"NHC"
2023-03-03 22:15:00,9.5,14.96,"NHC"
2023-03-03 22:30:00,9.49,14.98,"NHC"
2023-03-03 22:45:00,9.49,15.02,"NHC"
2023-03-03 23:00:00,9.48,15.04,"NHC"
2023-03-03 23:15:00,9.48,15.06,"NHC"
2023-03-03 23:30:00,9.46,15.06,"NHC"
2023-03-03 23:45:00,9.47,15.06,"NHC"
2023-03-04,9.44,15.06,"NHC"
2023-03-04 00:15:00,9.46,15.06,"NHC"
2023-03-04 00:30:00,9.43,15.06,"NHC"
2023-03-04 00:45:00,9.44,15.04,"NHC"
2023-03-04 01:00:00,9.44,15.04,"NHC"
2023-03-04 01:15:00,9.44,15.02,"NHC"
2023-03-04 01:30:00,9.44,15.02,"NHC"
2023-03-04 01:45:00,9.44,15,"NHC"
2023-03-04 02:00:00,9.44,14.98,"NHC"
2023-03-04 02:15:00,9.44,14.98,"NHC"
2023-03-04 02:30:00,9.44,14.96,"NHC"
2023-03-04 02:45:00,9.44,14.94,"NHC"
2023-03-04 03:00:00,9.44,14.92,"NHC"
2023-03-04 03:15:00,9.46,14.9,"NHC"
2023-03-04 03:30:00,9.46,14.88,"NHC"
2023-03-04 03:45:00,9.47,14.86,"NHC"
2023-03-04 04:00:00,9.47,14.84,"NHC"
2023-03-04 04:15:00,9.47,14.8,"NHC"
2023-03-04 04:30:00,9.48,14.78,"NHC"
2023-03-04 04:45:00,9.48,14.76,"NHC"
2023-03-04 05:00:00,9.5,14.74,"NHC"
2023-03-04 05:15:00,9.5,14.7,"NHC"
2023-03-04 05:30:00,9.51,14.68,"NHC"
2023-03-04 05:45:00,9.52,14.64,"NHC"
2023-03-04 06:00:00,9.52,14.6,"NHC"
2023-03-04 06:15:00,9.53,14.58,"NHC"
2023-03-04 06:30:00,9.54,14.52,"NHC"
2023-03-04 06:45:00,9.55,14.48,"NHC"
2023-03-04 07:00:00,9.56,14.44,"NHC"
2023-03-04 07:15:00,9.58,14.4,"NHC"
2023-03-04 07:30:00,9.6,14.36,"NHC"
2023-03-04 07:45:00,9.64,14.32,"NHC"
2023-03-04 08:00:00,9.66,14.28,"NHC"
2023-03-04 08:15:00,9.7,14.26,"NHC"
2023-03-04 08:30:00,9.74,14.24,"NHC"
2023-03-04 08:45:00,9.8,14.22,"NHC"
2023-03-04 09:00:00,9.85,14.2,"NHC"
2023-03-04 09:15:00,9.92,14.18,"NHC"
2023-03-04 09:30:00,9.97,14.18,"NHC"
2023-03-04 09:45:00,10.05,14.18,"NHC"
2023-03-04 10:00:00,10.12,14.2,"NHC"
2023-03-04 10:15:00,10.21,14.24,"NHC"
2023-03-04 10:30:00,10.31,14.3,"NHC"
2023-03-04 10:45:00,10.39,14.38,"NHC"
2023-03-04 11:00:00,10.47,14.48,"NHC"
2023-03-04 11:15:00,10.54,14.58,"NHC"
2023-03-04 11:30:00,10.63,14.7,"NHC"
2023-03-04 11:45:00,10.69,14.82,"NHC"
2023-03-04 12:00:00,10.75,14.94,"NHC"
2023-03-04 12:15:00,10.79,15.08,"NHC"
2023-03-04 12:30:00,10.83,15.2,"NHC"
2023-03-04 12:45:00,10.88,15.32,"NHC"
2023-03-04 13:00:00,10.89,15.46,"NHC"
2023-03-04 13:15:00,10.91,15.56,"NHC"
2023-03-04 13:30:00,10.91,15.68,"NHC"
2023-03-04 13:45:00,10.9,15.76,"NHC"
2023-03-04 14:00:00,10.91,15.84,"NHC"
2023-03-04 14:15:00,10.89,15.88,"NHC"
2023-03-04 14:30:00,10.87,15.94,"NHC"
2023-03-04 14:45:00,10.82,15.96,"NHC"
2023-03-04 15:00:00,10.78,15.98,"NHC"
2023-03-04 15:15:00,10.73,16,"NHC"
2023-03-04 15:30:00,10.67,16,"NHC"
2023-03-04 15:45:00,10.6,16,"NHC"
2023-03-04 16:00:00,10.54,15.98,"NHC"
2023-03-04 16:15:00,10.45,15.96,"NHC"
2023-03-04 16:30:00,10.36,15.94,"NHC"
2023-03-04 16:45:00,10.28,15.9,"NHC"
2023-03-04 17:00:00,10.21,15.86,"NHC"
2023-03-04 17:15:00,10.13,15.82,"NHC"
2023-03-04 17:30:00,10.07,15.78,"NHC"
2023-03-04 17:45:00,10.02,15.74,"NHC"
2023-03-04 18:00:00,9.95,15.68,"NHC"
2023-03-04 18:15:00,9.89,15.62,"NHC"
2023-03-04 18:30:00,9.84,15.54,"NHC"
2023-03-04 18:45:00,9.8,15.46,"NHC"
2023-03-04 19:00:00,9.77,15.38,"NHC"
2023-03-04 19:15:00,9.74,15.3,"NHC"
2023-03-04 19:30:00,9.7,15.22,"NHC"
2023-03-04 19:45:00,9.68,15.14,"NHC"
2023-03-04 20:00:00,9.67,15.06,"NHC"
2023-03-04 20:15:00,9.65,14.96,"NHC"
2023-03-04 20:30:00,9.64,14.88,"NHC"
2023-03-04 20:45:00,9.64,14.8,"NHC"
2023-03-04 21:00:00,9.64,14.72,"NHC"
2023-03-04 21:15:00,9.64,14.64,"NHC"
2023-03-04 21:30:00,9.63,14.56,"NHC"
2023-03-04 21:45:00,9.63,14.48,"NHC"
2023-03-04 22:00:00,9.65,14.4,"NHC"
2023-03-04 22:15:00,9.65,14.32,"NHC"
2023-03-04 22:30:00,9.66,14.26,"NHC"
2023-03-04 22:45:00,9.66,14.18,"NHC"
2023-03-04 23:00:00,9.68,14.12,"NHC"
2023-03-04 23:15:00,9.69,14.04,"NHC"
2023-03-04 23:30:00,9.7,13.98,"NHC"
2023-03-04 23:45:00,9.72,13.9,"NHC"
2023-03-05,9.72,13.84,"NHC"
2023-03-05 00:15:00,9.75,13.76,"NHC"
2023-03-05 00:30:00,9.77,13.68,"NHC"
2023-03-05 00:45:00,9.78,13.62,"NHC"
2023-03-05 01:00:00,9.8,13.54,"NHC"
2023-03-05 01:15:00,9.81,13.48,"NHC"
2023-03-05 01:30:00,9.83,13.4,"NHC"
2023-03-05 01:45:00,9.84,13.34,"NHC"
2023-03-05 02:00:00,9.85,13.26,"NHC"
2023-03-05 02:15:00,9.88,13.18,"NHC"
2023-03-05 02:30:00,9.9,13.12,"NHC"
2023-03-05 02:45:00,9.91,13.04,"NHC"
2023-03-05 03:00:00,9.92,12.98,"NHC"
2023-03-05 03:15:00,9.96,12.9,"NHC"
2023-03-05 03:30:00,9.96,12.84,"NHC"
2023-03-05 03:45:00,9.98,12.78,"NHC"
2023-03-05 04:00:00,10,12.7,"NHC"
2023-03-05 04:15:00,10.03,12.64,"NHC"
2023-03-05 04:30:00,10.03,12.58,"NHC"
2023-03-05 04:45:00,10.05,12.52,"NHC"
2023-03-05 05:00:00,10.06,12.46,"NHC"
2023-03-05 05:15:00,10.08,12.4,"NHC"
2023-03-05 05:30:00,10.1,12.32,"NHC"
2023-03-05 05:45:00,10.11,12.26,"NHC"
2023-03-05 06:00:00,10.13,12.2,"NHC"
2023-03-05 06:15:00,10.13,12.14,"NHC"
2023-03-05 06:30:00,10.17,12.1,"NHC"
2023-03-05 06:45:00,10.19,12.04,"NHC"
2023-03-05 07:00:00,10.2,11.98,"NHC"
2023-03-05 07:15:00,10.23,11.92,"NHC"
2023-03-05 07:30:00,10.26,11.86,"NHC"
2023-03-05 07:45:00,10.28,11.82,"NHC"
2023-03-05 08:00:00,10.33,11.76,"NHC"
2023-03-05 08:15:00,10.37,11.74,"NHC"
2023-03-05 08:30:00,10.44,11.7,"NHC"
2023-03-05 08:45:00,10.52,11.7,"NHC"
2023-03-05 09:00:00,10.61,11.7,"NHC"
2023-03-05 09:15:00,10.69,11.72,"NHC"
2023-03-05 09:30:00,10.79,11.76,"NHC"
2023-03-05 09:45:00,10.89,11.8,"NHC"
2023-03-05 10:00:00,10.96,11.86,"NHC"
2023-03-05 10:15:00,11.06,11.92,"NHC"
2023-03-05 10:30:00,11.15,12,"NHC"
2023-03-05 10:45:00,11.25,12.1,"NHC"
2023-03-05 11:00:00,11.34,12.24,"NHC"
2023-03-05 11:15:00,11.45,12.38,"NHC"
2023-03-05 11:30:00,11.5,12.52,"NHC"
2023-03-05 11:45:00,11.6,12.68,"NHC"
2023-03-05 12:00:00,11.66,12.86,"NHC"
2023-03-05 12:15:00,11.72,13.04,"NHC"
2023-03-05 12:30:00,11.76,13.24,"NHC"
2023-03-05 12:45:00,11.8,13.44,"NHC"
2023-03-05 13:00:00,11.81,13.64,"NHC"
2023-03-05 13:15:00,11.85,13.82,"NHC"
2023-03-05 13:30:00,11.86,14,"NHC"
2023-03-05 13:45:00,11.85,14.16,"NHC"
2023-03-05 14:00:00,11.84,14.3,"NHC"
2023-03-05 14:15:00,11.8,14.42,"NHC"
2023-03-05 14:30:00,11.78,14.52,"NHC"
2023-03-05 14:45:00,11.75,14.58,"NHC"
2023-03-05 15:00:00,11.7,14.64,"NHC"
2023-03-05 15:15:00,11.65,14.66,"NHC"
2023-03-05 15:30:00,11.58,14.68,"NHC"
2023-03-05 15:45:00,11.51,14.68,"NHC"
2023-03-05 16:00:00,11.46,14.66,"NHC"
2023-03-05 16:15:00,11.38,14.64,"NHC"
2023-03-05 16:30:00,11.28,14.6,"NHC"
2023-03-05 16:45:00,11.16,14.56,"NHC"
2023-03-05 17:00:00,11.05,14.52,"NHC"
2023-03-05 17:15:00,10.95,14.48,"NHC"
2023-03-05 17:30:00,10.87,14.44,"NHC"
2023-03-05 17:45:00,10.78,14.42,"NHC"
2023-03-05 18:00:00,10.7,14.38,"NHC"
2023-03-05 18:15:00,10.61,14.34,"NHC"
2023-03-05 18:30:00,10.53,14.3,"NHC"
2023-03-05 18:45:00,10.44,14.26,"NHC"
2023-03-05 19:00:00,10.37,14.2,"NHC"
2023-03-05 19:15:00,10.31,14.16,"NHC"
2023-03-05 19:30:00,10.24,14.1,"NHC"
2023-03-05 19:45:00,10.2,14.04,"NHC"
2023-03-05 20:00:00,10.16,14,"NHC"
2023-03-05 20:15:00,10.11,13.94,"NHC"
2023-03-05 20:30:00,10.09,13.86,"NHC"
2023-03-05 20:45:00,10.06,13.8,"NHC"
2023-03-05 21:00:00,10.05,13.72,"NHC"
2023-03-05 21:15:00,10.04,13.64,"NHC"
2023-03-05 21:30:00,10.02,13.56,"NHC"
2023-03-05 21:45:00,10.02,13.48,"NHC"
2023-03-05 22:00:00,10.02,13.38,"NHC"
2023-03-05 22:15:00,10.02,13.3,"NHC"
2023-03-05 22:30:00,10,13.22,"NHC"
2023-03-05 22:45:00,10,13.14,"NHC"
2023-03-05 23:00:00,10.02,13.04,"NHC"
2023-03-05 23:15:00,10.03,12.96,"NHC"
2023-03-05 23:30:00,10.02,12.88,"NHC"
2023-03-05 23:45:00,10.04,12.8,"NHC"
2023-03-06,10.05,12.74,"NHC"
2023-03-06 00:15:00,10.05,12.66,"NHC"
2023-03-06 00:30:00,10.05,12.6,"NHC"
2023-03-06 00:45:00,10.06,12.54,"NHC"
2023-03-06 01:00:00,10.07,12.46,"NHC"
2023-03-06 01:15:00,10.08,12.4,"NHC"
2023-03-06 01:30:00,10.07,12.34,"NHC"
2023-03-06 01:45:00,10.09,12.28,"NHC"
2023-03-06 02:00:00,10.11,12.22,"NHC"
2023-03-06 02:15:00,10.11,12.16,"NHC"
2023-03-06 02:30:00,10.12,12.1,"NHC"
2023-03-06 02:45:00,10.13,12.04,"NHC"
2023-03-06 03:00:00,10.16,11.96,"NHC"
2023-03-06 03:15:00,10.19,11.9,"NHC"
2023-03-06 03:30:00,10.19,11.84,"NHC"
2023-03-06 03:45:00,10.21,11.78,"NHC"
2023-03-06 04:00:00,10.23,11.72,"NHC"
2023-03-06 04:15:00,10.25,11.66,"NHC"
2023-03-06 04:30:00,10.26,11.58,"NHC"
2023-03-06 04:45:00,10.27,11.52,"NHC"
2023-03-06 05:00:00,10.28,11.46,"NHC"
2023-03-06 05:15:00,10.31,11.4,"NHC"
2023-03-06 05:30:00,10.33,11.34,"NHC"
2023-03-06 05:45:00,10.33,11.28,"NHC"
2023-03-06 06:00:00,10.35,11.22,"NHC"
2023-03-06 06:15:00,10.38,11.14,"NHC"
2023-03-06 06:30:00,10.39,11.08,"NHC"
2023-03-06 06:45:00,10.41,11.02,"NHC"
2023-03-06 07:00:00,10.42,10.96,"NHC"
2023-03-06 07:15:00,10.47,10.9,"NHC"
2023-03-06 07:30:00,10.5,10.86,"NHC"
2023-03-06 07:45:00,10.53,10.8,"NHC"
2023-03-06 08:00:00,10.59,10.76,"NHC"
2023-03-06 08:15:00,10.64,10.74,"NHC"
2023-03-06 08:30:00,10.69,10.72,"NHC"
2023-03-06 08:45:00,10.77,10.72,"NHC"
2023-03-06 09:00:00,10.88,10.74,"NHC"
2023-03-06 09:15:00,10.96,10.78,"NHC"
2023-03-06 09:30:00,11.07,10.82,"NHC"
2023-03-06 09:45:00,11.2,10.88,"NHC"
2023-03-06 10:00:00,11.3,10.98,"NHC"
2023-03-06 10:15:00,11.36,11.06,"NHC"
2023-03-06 10:30:00,11.4,11.18,"NHC"
2023-03-06 10:45:00,11.45,11.32,"NHC"
2023-03-06 11:00:00,11.5,11.46,"NHC"
2023-03-06 11:15:00,11.53,11.62,"NHC"
2023-03-06 11:24:55,NA,NA,"NHC"
2023-03-06 11:25:02,NA,NA,"NHC"
2023-03-06 11:25:04,NA,NA,"NHC"
2023-03-06 11:30:00,11.1,12.8,"NHC"
2023-03-06 11:45:00,11.49,11.96,"NHC"
2023-03-06 12:00:00,11.48,12.02,"NHC"
2023-03-06 12:15:00,11.48,12.14,"NHC"
2023-03-06 12:30:00,11.5,12.28,"NHC"
2023-03-06 12:45:00,11.56,12.48,"NHC"
2023-03-06 13:00:00,11.63,12.7,"NHC"
2023-03-06 13:15:00,11.68,12.92,"NHC"
2023-03-06 13:30:00,11.75,13.18,"NHC"
2023-03-06 13:45:00,11.77,13.42,"NHC"
2023-03-06 14:00:00,11.79,13.64,"NHC"
2023-03-06 14:15:00,11.79,13.84,"NHC"
2023-03-06 14:30:00,11.76,13.98,"NHC"
2023-03-06 14:45:00,11.73,14.12,"NHC"
2023-03-06 15:00:00,11.71,14.26,"NHC"
2023-03-06 15:15:00,11.64,14.34,"NHC"
2023-03-06 15:30:00,11.58,14.4,"NHC"
2023-03-06 15:45:00,11.5,14.44,"NHC"
2023-03-06 16:00:00,11.44,14.46,"NHC"
2023-03-06 16:15:00,11.36,14.5,"NHC"
2023-03-06 16:30:00,11.31,14.52,"NHC"
2023-03-06 16:45:00,11.23,14.52,"NHC"
2023-03-06 17:00:00,11.18,14.52,"NHC"
2023-03-06 17:15:00,11.09,14.52,"NHC"
2023-03-06 17:30:00,11.02,14.5,"NHC"
2023-03-06 17:45:00,10.92,14.46,"NHC"
2023-03-06 18:00:00,10.81,14.42,"NHC"
2023-03-06 18:15:00,10.73,14.4,"NHC"
2023-03-06 18:30:00,10.63,14.36,"NHC"
2023-03-06 18:45:00,10.51,14.32,"NHC"
2023-03-06 19:00:00,10.42,14.28,"NHC"
2023-03-06 19:15:00,10.33,14.26,"NHC"
2023-03-06 19:30:00,10.25,14.22,"NHC"
2023-03-06 19:45:00,10.19,14.2,"NHC"
2023-03-06 20:00:00,10.11,14.16,"NHC"
2023-03-06 20:15:00,10.06,14.14,"NHC"
2023-03-06 20:30:00,10.03,14.12,"NHC"
2023-03-06 20:45:00,9.98,14.08,"NHC"
2023-03-06 21:00:00,9.94,14.06,"NHC"
2023-03-06 21:15:00,9.92,14.02,"NHC"
2023-03-06 21:30:00,9.9,13.98,"NHC"
2023-03-06 21:45:00,9.88,13.94,"NHC"
2023-03-06 22:00:00,9.85,13.9,"NHC"
2023-03-06 22:15:00,9.83,13.84,"NHC"
2023-03-06 22:30:00,9.82,13.8,"NHC"
2023-03-06 22:45:00,9.83,13.74,"NHC"
2023-03-06 23:00:00,9.83,13.66,"NHC"
2023-03-06 23:15:00,9.81,13.6,"NHC"
2023-03-06 23:30:00,9.81,13.54,"NHC"
2023-03-06 23:45:00,9.8,13.48,"NHC"
2023-03-07,9.81,13.4,"NHC"
2023-03-07 00:15:00,9.8,13.34,"NHC"
2023-03-07 00:30:00,9.8,13.28,"NHC"
2023-03-07 00:45:00,9.81,13.22,"NHC"
2023-03-07 01:00:00,9.8,13.16,"NHC"
2023-03-07 01:15:00,9.82,13.08,"NHC"
2023-03-07 01:30:00,9.82,13.04,"NHC"
2023-03-07 01:45:00,9.82,12.98,"NHC"
2023-03-07 02:00:00,9.83,12.92,"NHC"
2023-03-07 02:15:00,9.83,12.88,"NHC"
2023-03-07 02:30:00,9.83,12.82,"NHC"
2023-03-07 02:45:00,9.83,12.78,"NHC"
2023-03-07 03:00:00,9.84,12.74,"NHC"
2023-03-07 03:15:00,9.85,12.7,"NHC"
2023-03-07 03:30:00,9.86,12.66,"NHC"
2023-03-07 03:45:00,9.88,12.62,"NHC"
2023-03-07 04:00:00,9.88,12.58,"NHC"
2023-03-07 04:15:00,9.88,12.54,"NHC"
2023-03-07 04:30:00,9.9,12.5,"NHC"
2023-03-07 04:45:00,9.91,12.46,"NHC"
2023-03-07 05:00:00,9.92,12.42,"NHC"
2023-03-07 05:15:00,9.92,12.38,"NHC"
2023-03-07 05:30:00,9.93,12.34,"NHC"
2023-03-07 05:45:00,9.94,12.3,"NHC"
2023-03-07 06:00:00,9.94,12.26,"NHC"
2023-03-07 06:15:00,9.96,12.2,"NHC"
2023-03-07 06:30:00,9.98,12.16,"NHC"
2023-03-07 06:45:00,9.98,12.12,"NHC"
2023-03-07 07:00:00,10.02,12.08,"NHC"
2023-03-07 07:15:00,10.04,12.04,"NHC"
2023-03-07 07:30:00,10.07,12,"NHC"
2023-03-07 07:45:00,10.11,11.96,"NHC"
2023-03-07 08:00:00,10.16,11.92,"NHC"
2023-03-07 08:15:00,10.22,11.9,"NHC"
2023-03-07 08:30:00,10.28,11.9,"NHC"
2023-03-07 08:45:00,10.39,11.9,"NHC"
2023-03-07 09:00:00,10.49,11.92,"NHC"
2023-03-07 09:15:00,10.6,11.94,"NHC"
2023-03-07 09:30:00,10.69,12,"NHC"
2023-03-07 09:45:00,10.8,12.08,"NHC"
2023-03-07 10:00:00,10.9,12.16,"NHC"
2023-03-07 10:15:00,11.01,12.26,"NHC"
2023-03-07 10:30:00,11.1,12.38,"NHC"
2023-03-07 10:45:00,11.2,12.48,"NHC"
2023-03-07 11:00:00,11.26,12.62,"NHC"
2023-03-07 11:15:00,11.35,12.78,"NHC"
2023-03-07 11:30:00,11.45,12.92,"NHC"
2023-03-07 11:45:00,11.51,13.1,"NHC"
2023-03-07 12:00:00,11.57,13.26,"NHC"
2023-03-07 12:15:00,11.62,13.46,"NHC"
2023-03-07 12:30:00,11.65,13.64,"NHC"
2023-03-07 12:45:00,11.7,13.84,"NHC"
2023-03-07 13:00:00,11.72,14.06,"NHC"
2023-03-07 13:15:00,11.74,14.26,"NHC"
2023-03-07 13:30:00,11.74,14.48,"NHC"
2023-03-07 13:45:00,11.75,14.68,"NHC"
2023-03-07 14:00:00,11.72,14.86,"NHC"
2023-03-07 14:15:00,11.7,15.02,"NHC"
2023-03-07 14:30:00,11.66,15.14,"NHC"
2023-03-07 14:45:00,11.61,15.24,"NHC"
2023-03-07 15:00:00,11.57,15.32,"NHC"
2023-03-07 15:15:00,11.5,15.38,"NHC"
2023-03-07 15:30:00,11.45,15.44,"NHC"
2023-03-07 15:45:00,11.38,15.46,"NHC"
2023-03-07 16:00:00,11.3,15.46,"NHC"
2023-03-07 16:15:00,11.2,15.44,"NHC"
2023-03-07 16:30:00,11.1,15.4,"NHC"
2023-03-07 16:45:00,11,15.36,"NHC"
2023-03-07 17:00:00,10.87,15.32,"NHC"
2023-03-07 17:15:00,10.77,15.28,"NHC"
2023-03-07 17:30:00,10.67,15.22,"NHC"
2023-03-07 17:45:00,10.56,15.16,"NHC"
2023-03-07 18:00:00,10.47,15.1,"NHC"
2023-03-07 18:15:00,10.38,15.04,"NHC"
2023-03-07 18:30:00,10.32,14.96,"NHC"
2023-03-07 18:45:00,10.26,14.88,"NHC"
2023-03-07 19:00:00,10.17,14.8,"NHC"
2023-03-07 19:15:00,10.1,14.72,"NHC"
2023-03-07 19:30:00,10.04,14.62,"NHC"
2023-03-07 19:45:00,9.99,14.54,"NHC"
2023-03-07 20:00:00,9.95,14.46,"NHC"
2023-03-07 20:15:00,9.92,14.36,"NHC"
2023-03-07 20:30:00,9.89,14.28,"NHC"
2023-03-07 20:45:00,9.86,14.2,"NHC"
2023-03-07 21:00:00,9.84,14.12,"NHC"
2023-03-07 21:15:00,9.82,14.06,"NHC"
2023-03-07 21:30:00,9.81,13.98,"NHC"
2023-03-07 21:45:00,9.79,13.9,"NHC"
2023-03-07 22:00:00,9.79,13.84,"NHC"
2023-03-07 22:15:00,9.78,13.76,"NHC"
2023-03-07 22:30:00,9.78,13.7,"NHC"
2023-03-07 22:45:00,9.78,13.62,"NHC"
2023-03-07 23:00:00,9.78,13.56,"NHC"
2023-03-07 23:15:00,9.78,13.48,"NHC"
2023-03-07 23:30:00,9.77,13.4,"NHC"
2023-03-07 23:45:00,9.78,13.32,"NHC"
2023-03-08,9.8,13.24,"NHC"
2023-03-08 00:15:00,9.8,13.16,"NHC"
2023-03-08 00:30:00,9.81,13.08,"NHC"
2023-03-08 00:45:00,9.82,12.98,"NHC"
2023-03-08 01:00:00,9.84,12.88,"NHC"
2023-03-08 01:15:00,9.86,12.78,"NHC"
2023-03-08 01:30:00,9.85,12.7,"NHC"
2023-03-08 01:45:00,9.89,12.6,"NHC"
2023-03-08 02:00:00,9.91,12.5,"NHC"
2023-03-08 02:15:00,9.92,12.4,"NHC"
2023-03-08 02:30:00,9.94,12.32,"NHC"
2023-03-08 02:45:00,9.97,12.22,"NHC"
2023-03-08 03:00:00,9.99,12.12,"NHC"
2023-03-08 03:15:00,10,12.04,"NHC"
2023-03-08 03:30:00,10.04,11.94,"NHC"
2023-03-08 03:45:00,10.05,11.86,"NHC"
2023-03-08 04:00:00,10.07,11.78,"NHC"
2023-03-08 04:15:00,10.09,11.7,"NHC"
2023-03-08 04:30:00,10.1,11.62,"NHC"
2023-03-08 04:45:00,10.14,11.54,"NHC"
2023-03-08 05:00:00,10.16,11.46,"NHC"
2023-03-08 05:15:00,10.18,11.38,"NHC"
2023-03-08 05:30:00,10.2,11.3,"NHC"
2023-03-08 05:45:00,10.21,11.22,"NHC"
2023-03-08 06:00:00,10.24,11.16,"NHC"
2023-03-08 06:15:00,10.26,11.08,"NHC"
2023-03-08 06:30:00,10.28,11,"NHC"
2023-03-08 06:45:00,10.3,10.94,"NHC"
2023-03-08 07:00:00,10.31,10.88,"NHC"
2023-03-08 07:15:00,10.36,10.8,"NHC"
2023-03-08 07:30:00,10.38,10.74,"NHC"
2023-03-08 07:45:00,10.45,10.68,"NHC"
2023-03-08 08:00:00,10.48,10.64,"NHC"
2023-03-08 08:15:00,10.53,10.58,"NHC"
2023-03-08 08:30:00,10.61,10.54,"NHC"
2023-03-08 08:45:00,10.7,10.5,"NHC"
2023-03-08 09:00:00,10.8,10.48,"NHC"
2023-03-08 09:15:00,10.92,10.46,"NHC"
2023-03-08 09:30:00,11.02,10.48,"NHC"
2023-03-08 09:45:00,11.11,10.5,"NHC"
2023-03-08 10:00:00,11.24,10.54,"NHC"
2023-03-08 10:15:00,11.36,10.58,"NHC"
2023-03-08 10:30:00,11.46,10.64,"NHC"
2023-03-08 10:45:00,11.54,10.72,"NHC"
2023-03-08 11:00:00,11.63,10.82,"NHC"
2023-03-08 11:15:00,11.74,10.9,"NHC"
2023-03-08 11:30:00,11.79,11,"NHC"
2023-03-08 11:45:00,11.89,11.12,"NHC"
2023-03-08 12:00:00,11.96,11.24,"NHC"
2023-03-08 12:15:00,12.03,11.4,"NHC"
2023-03-08 12:30:00,12.08,11.54,"NHC"
2023-03-08 12:45:00,12.13,11.72,"NHC"
2023-03-08 13:00:00,12.16,11.9,"NHC"
2023-03-08 13:15:00,12.2,12.08,"NHC"
2023-03-08 13:30:00,12.21,12.24,"NHC"
2023-03-08 13:45:00,12.22,12.38,"NHC"
2023-03-08 14:00:00,12.23,12.54,"NHC"
2023-03-08 14:15:00,12.22,12.68,"NHC"
2023-03-08 14:30:00,12.21,12.82,"NHC"
2023-03-08 14:45:00,12.21,12.96,"NHC"
2023-03-08 15:00:00,12.18,13.08,"NHC"
2023-03-08 15:15:00,12.13,13.16,"NHC"
2023-03-08 15:30:00,12.08,13.24,"NHC"
2023-03-08 15:45:00,12.03,13.26,"NHC"
2023-03-08 16:00:00,11.99,13.3,"NHC"
2023-03-08 16:15:00,11.92,13.3,"NHC"
2023-03-08 16:30:00,11.82,13.28,"NHC"
2023-03-08 16:45:00,11.76,13.24,"NHC"
2023-03-08 17:00:00,11.66,13.2,"NHC"
2023-03-08 17:15:00,11.59,13.18,"NHC"
2023-03-08 17:30:00,11.47,13.14,"NHC"
2023-03-08 17:45:00,11.36,13.12,"NHC"
2023-03-08 18:00:00,11.3,13.08,"NHC"
2023-03-08 18:15:00,11.21,13.02,"NHC"
2023-03-08 18:30:00,11.11,12.98,"NHC"
2023-03-08 18:45:00,11.02,12.92,"NHC"
2023-03-08 19:00:00,10.95,12.84,"NHC"
2023-03-08 19:15:00,10.87,12.78,"NHC"
2023-03-08 19:30:00,10.8,12.7,"NHC"
2023-03-08 19:45:00,10.73,12.62,"NHC"
2023-03-08 20:00:00,10.69,12.54,"NHC"
2023-03-08 20:15:00,10.64,12.46,"NHC"
2023-03-08 20:30:00,10.59,12.38,"NHC"
2023-03-08 20:45:00,10.56,12.28,"NHC"
2023-03-08 21:00:00,10.53,12.2,"NHC"
2023-03-08 21:15:00,10.5,12.12,"NHC"
2023-03-08 21:30:00,10.49,12.04,"NHC"
2023-03-08 21:45:00,10.47,11.96,"NHC"
2023-03-08 22:00:00,10.46,11.9,"NHC"
2023-03-08 22:15:00,10.44,11.84,"NHC"
2023-03-08 22:30:00,10.42,11.78,"NHC"
2023-03-08 22:45:00,10.41,11.72,"NHC"
2023-03-08 23:00:00,10.4,11.66,"NHC"
2023-03-08 23:15:00,10.4,11.6,"NHC"
2023-03-08 23:30:00,10.39,11.54,"NHC"
2023-03-08 23:45:00,10.38,11.48,"NHC"
2023-03-09,10.39,11.44,"NHC"
2023-03-09 00:15:00,10.37,11.38,"NHC"
2023-03-09 00:30:00,10.37,11.32,"NHC"
2023-03-09 00:45:00,10.38,11.26,"NHC"
2023-03-09 01:00:00,10.37,11.2,"NHC"
2023-03-09 01:15:00,10.38,11.14,"NHC"
2023-03-09 01:30:00,10.39,11.08,"NHC"
2023-03-09 01:45:00,10.4,11.02,"NHC"
2023-03-09 02:00:00,10.4,10.94,"NHC"
2023-03-09 02:15:00,10.41,10.88,"NHC"
2023-03-09 02:30:00,10.41,10.8,"NHC"
2023-03-09 02:45:00,10.44,10.72,"NHC"
2023-03-09 03:00:00,10.45,10.64,"NHC"
2023-03-09 03:15:00,10.48,10.56,"NHC"
2023-03-09 03:30:00,10.49,10.48,"NHC"
2023-03-09 03:45:00,10.52,10.38,"NHC"
2023-03-09 04:00:00,10.53,10.3,"NHC"
2023-03-09 04:15:00,10.54,10.22,"NHC"
2023-03-09 04:30:00,10.58,10.14,"NHC"
2023-03-09 04:45:00,10.61,10.06,"NHC"
2023-03-09 05:00:00,10.61,9.98,"NHC"
2023-03-09 05:15:00,10.64,9.9,"NHC"
2023-03-09 05:30:00,10.66,9.84,"NHC"
2023-03-09 05:45:00,10.67,9.76,"NHC"
2023-03-09 06:00:00,10.69,9.7,"NHC"
2023-03-09 06:15:00,10.7,9.64,"NHC"
2023-03-09 06:30:00,10.74,9.58,"NHC"
2023-03-09 06:45:00,10.76,9.52,"NHC"
2023-03-09 07:00:00,10.79,9.46,"NHC"
2023-03-09 07:15:00,10.82,9.4,"NHC"
2023-03-09 07:30:00,10.87,9.38,"NHC"
2023-03-09 07:45:00,10.92,9.36,"NHC"
2023-03-09 08:00:00,11,9.34,"NHC"
2023-03-09 08:15:00,11.08,9.36,"NHC"
2023-03-09 08:30:00,11.17,9.36,"NHC"
2023-03-09 08:45:00,11.25,9.38,"NHC"
2023-03-09 09:00:00,11.36,9.42,"NHC"
2023-03-09 09:15:00,11.46,9.44,"NHC"
2023-03-09 09:30:00,11.56,9.48,"NHC"
2023-03-09 09:45:00,11.65,9.54,"NHC"
2023-03-09 10:00:00,11.73,9.62,"NHC"
2023-03-09 10:15:00,11.86,9.72,"NHC"
2023-03-09 10:30:00,11.94,9.82,"NHC"
2023-03-09 10:45:00,12.02,9.94,"NHC"
2023-03-09 11:00:00,12.07,10.08,"NHC"
2023-03-09 11:15:00,12.15,10.22,"NHC"
2023-03-09 11:30:00,12.2,10.38,"NHC"
2023-03-09 11:45:00,12.24,10.5,"NHC"
2023-03-09 12:00:00,12.28,10.66,"NHC"
2023-03-09 12:15:00,12.33,10.82,"NHC"
2023-03-09 12:30:00,12.35,10.98,"NHC"
2023-03-09 12:45:00,12.37,11.16,"NHC"
2023-03-09 13:00:00,12.4,11.32,"NHC"
2023-03-09 13:15:00,12.43,11.5,"NHC"
2023-03-09 13:30:00,12.44,11.68,"NHC"
2023-03-09 13:45:00,12.44,11.86,"NHC"
2023-03-09 14:00:00,12.42,12.02,"NHC"
2023-03-09 14:15:00,12.41,12.18,"NHC"
2023-03-09 14:30:00,12.4,12.36,"NHC"
2023-03-09 14:45:00,12.37,12.48,"NHC"
2023-03-09 15:00:00,12.33,12.58,"NHC"
2023-03-09 15:15:00,12.31,12.66,"NHC"
2023-03-09 15:30:00,12.27,12.72,"NHC"
2023-03-09 15:45:00,12.21,12.78,"NHC"
2023-03-09 16:00:00,12.15,12.82,"NHC"
2023-03-09 16:15:00,12.1,12.86,"NHC"
2023-03-09 16:30:00,12.05,12.88,"NHC"
2023-03-09 16:45:00,11.95,12.88,"NHC"
2023-03-09 17:00:00,11.86,12.9,"NHC"
2023-03-09 17:15:00,11.78,12.9,"NHC"
2023-03-09 17:30:00,11.68,12.9,"NHC"
2023-03-09 17:45:00,11.58,12.88,"NHC"
2023-03-09 18:00:00,11.46,12.86,"NHC"
2023-03-09 18:15:00,11.35,12.82,"NHC"
2023-03-09 18:30:00,11.24,12.78,"NHC"
2023-03-09 18:45:00,11.16,12.72,"NHC"
2023-03-09 19:00:00,11.05,12.66,"NHC"
2023-03-09 19:15:00,10.98,12.58,"NHC"
2023-03-09 19:30:00,10.9,12.52,"NHC"
2023-03-09 19:45:00,10.83,12.44,"NHC"
2023-03-09 20:00:00,10.78,12.36,"NHC"
2023-03-09 20:15:00,10.74,12.28,"NHC"
2023-03-09 20:30:00,10.68,12.2,"NHC"
2023-03-09 20:45:00,10.64,12.14,"NHC"
2023-03-09 21:00:00,10.62,12.06,"NHC"
2023-03-09 21:15:00,10.58,12,"NHC"
2023-03-09 21:30:00,10.55,11.94,"NHC"
2023-03-09 21:45:00,10.54,11.88,"NHC"
2023-03-09 22:00:00,10.52,11.84,"NHC"
2023-03-09 22:15:00,10.49,11.78,"NHC"
2023-03-09 22:30:00,10.48,11.72,"NHC"
2023-03-09 22:45:00,10.47,11.68,"NHC"
2023-03-09 23:00:00,10.45,11.64,"NHC"
2023-03-09 23:15:00,10.45,11.6,"NHC"
2023-03-09 23:30:00,10.42,11.56,"NHC"
2023-03-09 23:45:00,10.42,11.52,"NHC"
2023-03-10,10.41,11.5,"NHC"
2023-03-10 00:15:00,10.4,11.48,"NHC"
2023-03-10 00:30:00,10.39,11.44,"NHC"
2023-03-10 00:45:00,10.38,11.42,"NHC"
2023-03-10 01:00:00,10.37,11.4,"NHC"
2023-03-10 01:15:00,10.37,11.38,"NHC"
2023-03-10 01:30:00,10.36,11.36,"NHC"
2023-03-10 01:45:00,10.36,11.32,"NHC"
2023-03-10 02:00:00,10.35,11.3,"NHC"
2023-03-10 02:15:00,10.34,11.28,"NHC"
2023-03-10 02:30:00,10.35,11.24,"NHC"
2023-03-10 02:45:00,10.34,11.22,"NHC"
2023-03-10 03:00:00,10.35,11.18,"NHC"
2023-03-10 03:15:00,10.34,11.16,"NHC"
2023-03-10 03:30:00,10.35,11.12,"NHC"
2023-03-10 03:45:00,10.35,11.1,"NHC"
2023-03-10 04:00:00,10.34,11.06,"NHC"
2023-03-10 04:15:00,10.36,11.02,"NHC"
2023-03-10 04:30:00,10.37,10.98,"NHC"
2023-03-10 04:45:00,10.36,10.96,"NHC"
2023-03-10 05:00:00,10.38,10.94,"NHC"
2023-03-10 05:15:00,10.38,10.9,"NHC"
2023-03-10 05:30:00,10.39,10.88,"NHC"
2023-03-10 05:45:00,10.4,10.84,"NHC"
2023-03-10 06:00:00,10.4,10.82,"NHC"
2023-03-10 06:15:00,10.41,10.8,"NHC"
2023-03-10 06:30:00,10.41,10.78,"NHC"
2023-03-10 06:45:00,10.4,10.76,"NHC"
2023-03-10 07:00:00,10.44,10.74,"NHC"
2023-03-10 07:15:00,10.42,10.72,"NHC"
2023-03-10 07:30:00,10.46,10.7,"NHC"
2023-03-10 07:45:00,10.46,10.68,"NHC"
2023-03-10 08:00:00,10.48,10.68,"NHC"
2023-03-10 08:15:00,10.5,10.66,"NHC"
2023-03-10 08:30:00,10.52,10.66,"NHC"
2023-03-10 08:45:00,10.53,10.64,"NHC"
2023-03-10 09:00:00,10.55,10.64,"NHC"
2023-03-10 09:15:00,10.58,10.64,"NHC"
2023-03-10 09:30:00,10.61,10.64,"NHC"
2023-03-10 09:45:00,10.65,10.64,"NHC"
2023-03-10 10:00:00,10.68,10.66,"NHC"
2023-03-10 10:15:00,10.72,10.66,"NHC"
2023-03-10 10:30:00,10.74,10.66,"NHC"
2023-03-10 10:45:00,10.75,10.68,"NHC"
2023-03-10 11:00:00,10.8,10.68,"NHC"
2023-03-10 11:15:00,10.82,10.7,"NHC"
2023-03-10 11:30:00,10.84,10.7,"NHC"
2023-03-10 11:45:00,10.87,10.72,"NHC"
2023-03-10 12:00:00,10.89,10.72,"NHC"
2023-03-10 12:15:00,10.91,10.74,"NHC"
2023-03-10 12:30:00,10.93,10.74,"NHC"
2023-03-10 12:45:00,10.94,10.76,"NHC"
2023-03-10 13:00:00,10.97,10.76,"NHC"
2023-03-10 13:15:00,10.98,10.78,"NHC"
2023-03-10 13:30:00,11.03,10.78,"NHC"
2023-03-10 13:45:00,11.05,10.8,"NHC"
2023-03-10 14:00:00,11.08,10.82,"NHC"
2023-03-10 14:15:00,11.09,10.84,"NHC"
2023-03-10 14:30:00,11.11,10.84,"NHC"
2023-03-10 14:45:00,11.11,10.86,"NHC"
2023-03-10 15:00:00,11.12,10.86,"NHC"
2023-03-10 15:15:00,11.16,10.88,"NHC"
2023-03-10 15:30:00,11.16,10.88,"NHC"
2023-03-10 15:45:00,11.16,10.9,"NHC"
2023-03-10 16:00:00,11.17,10.92,"NHC"
2023-03-10 16:15:00,11.17,10.94,"NHC"
2023-03-10 16:30:00,11.15,10.94,"NHC"
2023-03-10 16:45:00,11.14,10.96,"NHC"
2023-03-10 17:00:00,11.15,10.98,"NHC"
2023-03-10 17:15:00,11.14,10.98,"NHC"
2023-03-10 17:30:00,11.12,11,"NHC"
2023-03-10 17:45:00,11.1,11,"NHC"
2023-03-10 18:00:00,11.07,11,"NHC"
2023-03-10 18:15:00,11.04,11,"NHC"
2023-03-10 18:30:00,11.01,10.98,"NHC"
2023-03-10 18:45:00,10.96,10.96,"NHC"
2023-03-10 19:00:00,10.92,10.94,"NHC"
2023-03-10 19:15:00,10.87,10.94,"NHC"
2023-03-10 19:30:00,10.81,10.9,"NHC"
2023-03-10 19:45:00,10.79,10.88,"NHC"
2023-03-10 20:00:00,10.75,10.86,"NHC"
2023-03-10 20:15:00,10.72,10.84,"NHC"
2023-03-10 20:30:00,10.68,10.82,"NHC"
2023-03-10 20:45:00,10.66,10.8,"NHC"
2023-03-10 21:00:00,10.64,10.8,"NHC"
2023-03-10 21:15:00,10.62,10.78,"NHC"
2023-03-10 21:30:00,10.61,10.74,"NHC"
2023-03-10 21:45:00,10.59,10.72,"NHC"
2023-03-10 22:00:00,10.59,10.68,"NHC"
2023-03-10 22:15:00,10.58,10.66,"NHC"
2023-03-10 22:30:00,10.58,10.62,"NHC"
2023-03-10 22:45:00,10.56,10.6,"NHC"
2023-03-10 23:00:00,10.56,10.56,"NHC"
2023-03-10 23:15:00,10.56,10.52,"NHC"
2023-03-10 23:30:00,10.56,10.48,"NHC"
2023-03-10 23:45:00,10.54,10.44,"NHC"
2023-03-11,10.55,10.4,"NHC"
2023-03-11 00:15:00,10.56,10.36,"NHC"
2023-03-11 00:30:00,10.54,10.32,"NHC"
2023-03-11 00:45:00,10.56,10.28,"NHC"
2023-03-11 01:00:00,10.56,10.24,"NHC"
2023-03-11 01:15:00,10.55,10.18,"NHC"
2023-03-11 01:30:00,10.58,10.14,"NHC"
2023-03-11 01:45:00,10.58,10.1,"NHC"
2023-03-11 02:00:00,10.58,10.06,"NHC"
2023-03-11 02:15:00,10.59,10.02,"NHC"
2023-03-11 02:30:00,10.59,9.98,"NHC"
2023-03-11 02:45:00,10.61,9.96,"NHC"
2023-03-11 03:00:00,10.61,9.92,"NHC"
2023-03-11 03:15:00,10.62,9.88,"NHC"
2023-03-11 03:30:00,10.62,9.86,"NHC"
2023-03-11 03:45:00,10.62,9.84,"NHC"
2023-03-11 04:00:00,10.63,9.8,"NHC"
2023-03-11 04:15:00,10.63,9.76,"NHC"
2023-03-11 04:30:00,10.65,9.74,"NHC"
2023-03-11 04:45:00,10.65,9.68,"NHC"
2023-03-11 05:00:00,10.67,9.64,"NHC"
2023-03-11 05:15:00,10.67,9.6,"NHC"
2023-03-11 05:30:00,10.69,9.56,"NHC"
2023-03-11 05:45:00,10.68,9.52,"NHC"
2023-03-11 06:00:00,10.7,9.48,"NHC"
2023-03-11 06:15:00,10.7,9.44,"NHC"
2023-03-11 06:30:00,10.73,9.4,"NHC"
2023-03-11 06:45:00,10.74,9.34,"NHC"
2023-03-11 07:00:00,10.74,9.32,"NHC"
2023-03-11 07:15:00,10.8,9.26,"NHC"
2023-03-11 07:30:00,10.8,9.22,"NHC"
2023-03-11 07:45:00,10.86,9.2,"NHC"
2023-03-11 08:00:00,10.92,9.2,"NHC"
2023-03-11 08:15:00,11,9.18,"NHC"
2023-03-11 08:30:00,11.03,9.16,"NHC"
2023-03-11 08:45:00,11.08,9.14,"NHC"
2023-03-11 09:00:00,11.18,9.14,"NHC"
2023-03-11 09:15:00,11.26,9.18,"NHC"
2023-03-11 09:30:00,11.34,9.2,"NHC"
2023-03-11 09:45:00,11.45,9.28,"NHC"
2023-03-11 10:00:00,11.56,9.36,"NHC"
2023-03-11 10:15:00,11.62,9.4,"NHC"
2023-03-11 10:30:00,11.65,9.44,"NHC"
2023-03-11 10:45:00,11.76,9.52,"NHC"
2023-03-11 11:00:00,11.82,9.66,"NHC"
2023-03-11 11:15:00,11.91,9.78,"NHC"
2023-03-11 11:30:00,11.93,9.9,"NHC"
2023-03-11 11:45:00,12.01,10,"NHC"
2023-03-11 12:00:00,12.05,10.12,"NHC"
2023-03-11 12:15:00,12.1,10.28,"NHC"
2023-03-11 12:30:00,12.14,10.44,"NHC"
2023-03-11 12:45:00,12.17,10.6,"NHC"
2023-03-11 13:00:00,12.17,10.78,"NHC"
2023-03-11 13:15:00,12.19,10.98,"NHC"
2023-03-11 13:30:00,12.19,11.16,"NHC"
2023-03-11 13:45:00,12.18,11.36,"NHC"
2023-03-11 14:00:00,12.17,11.5,"NHC"
2023-03-11 14:15:00,12.14,11.64,"NHC"
2023-03-11 14:30:00,12.14,11.78,"NHC"
2023-03-11 14:45:00,12.12,11.9,"NHC"
2023-03-11 15:00:00,12.08,12,"NHC"
2023-03-11 15:15:00,12.04,12.08,"NHC"
2023-03-11 15:30:00,11.99,12.14,"NHC"
2023-03-11 15:45:00,11.95,12.16,"NHC"
2023-03-11 16:00:00,11.9,12.2,"NHC"
2023-03-11 16:15:00,11.84,12.2,"NHC"
2023-03-11 16:30:00,11.76,12.16,"NHC"
2023-03-11 16:45:00,11.68,12.12,"NHC"
2023-03-11 17:00:00,11.65,12.08,"NHC"
2023-03-11 17:15:00,11.52,12.02,"NHC"
2023-03-11 17:30:00,11.46,11.98,"NHC"
2023-03-11 17:45:00,11.36,11.94,"NHC"
2023-03-11 18:00:00,11.32,11.88,"NHC"
2023-03-11 18:15:00,11.24,11.82,"NHC"
2023-03-11 18:30:00,11.18,11.76,"NHC"
2023-03-11 18:45:00,11.11,11.7,"NHC"
2023-03-11 19:00:00,11.06,11.64,"NHC"
2023-03-11 19:15:00,11.01,11.56,"NHC"
2023-03-11 19:30:00,10.96,11.5,"NHC"
2023-03-11 19:45:00,10.91,11.42,"NHC"
2023-03-11 20:00:00,10.86,11.36,"NHC"
2023-03-11 20:15:00,10.82,11.28,"NHC"
2023-03-11 20:30:00,10.8,11.22,"NHC"
2023-03-11 20:45:00,10.77,11.14,"NHC"
2023-03-11 21:00:00,10.74,11.08,"NHC"
2023-03-11 21:15:00,10.7,11.02,"NHC"
2023-03-11 21:30:00,10.7,10.96,"NHC"
2023-03-11 21:45:00,10.67,10.9,"NHC"
2023-03-11 22:00:00,10.65,10.84,"NHC"
2023-03-11 22:15:00,10.65,10.78,"NHC"
2023-03-11 22:30:00,10.65,10.74,"NHC"
2023-03-11 22:45:00,10.62,10.7,"NHC"
2023-03-11 23:00:00,10.62,10.64,"NHC"
2023-03-11 23:15:00,10.6,10.6,"NHC"
2023-03-11 23:30:00,10.6,10.54,"NHC"
2023-03-11 23:45:00,10.6,10.5,"NHC"
2023-03-12,10.6,10.44,"NHC"
2023-03-12 00:15:00,10.59,10.38,"NHC"
2023-03-12 00:30:00,10.6,10.32,"NHC"
2023-03-12 00:45:00,10.59,10.26,"NHC"
2023-03-12 01:00:00,10.61,10.22,"NHC"
2023-03-12 01:15:00,10.59,10.14,"NHC"
2023-03-12 01:30:00,10.62,10.08,"NHC"
2023-03-12 01:45:00,10.62,10,"NHC"
NA,10.64,9.94,"NHC"
NA,10.63,9.86,"NHC"
NA,10.66,9.8,"NHC"
NA,10.67,9.72,"NHC"
2023-03-12 03:00:00,10.68,9.66,"NHC"
2023-03-12 03:15:00,10.7,9.58,"NHC"
2023-03-12 03:30:00,10.7,9.52,"NHC"
2023-03-12 03:45:00,10.74,9.46,"NHC"
2023-03-12 04:00:00,10.74,9.4,"NHC"
2023-03-12 04:15:00,10.78,9.32,"NHC"
2023-03-12 04:30:00,10.79,9.28,"NHC"
2023-03-12 04:45:00,10.79,9.22,"NHC"
2023-03-12 05:00:00,10.81,9.2,"NHC"
2023-03-12 05:15:00,10.82,9.14,"NHC"
2023-03-12 05:30:00,10.82,9.12,"NHC"
2023-03-12 05:45:00,10.84,9.08,"NHC"
2023-03-12 06:00:00,10.84,9.04,"NHC"
2023-03-12 06:15:00,10.87,9,"NHC"
2023-03-12 06:30:00,10.9,8.96,"NHC"
2023-03-12 06:45:00,10.89,8.92,"NHC"
2023-03-12 07:00:00,10.91,8.88,"NHC"
2023-03-12 07:15:00,10.91,8.82,"NHC"
2023-03-12 07:30:00,10.92,8.78,"NHC"
2023-03-12 07:45:00,10.95,8.74,"NHC"
2023-03-12 08:00:00,10.96,8.66,"NHC"
2023-03-12 08:15:00,10.97,8.58,"NHC"
2023-03-12 08:30:00,11.04,8.52,"NHC"
2023-03-12 08:45:00,11.1,8.5,"NHC"
2023-03-12 09:00:00,11.12,8.48,"NHC"
2023-03-12 09:15:00,11.17,8.44,"NHC"
2023-03-12 09:30:00,11.25,8.4,"NHC"
2023-03-12 09:45:00,11.32,8.38,"NHC"
2023-03-12 10:00:00,11.4,8.38,"NHC"
2023-03-12 10:15:00,11.48,8.36,"NHC"
2023-03-12 10:30:00,11.56,8.36,"NHC"
2023-03-12 10:45:00,11.61,8.36,"NHC"
2023-03-12 11:00:00,11.66,8.34,"NHC"
2023-03-12 11:15:00,11.71,8.34,"NHC"
2023-03-12 11:30:00,11.78,8.34,"NHC"
2023-03-12 11:45:00,11.81,8.34,"NHC"
2023-03-12 12:00:00,11.85,8.34,"NHC"
2023-03-12 12:15:00,11.86,8.32,"NHC"
2023-03-12 12:30:00,11.89,8.32,"NHC"
2023-03-12 12:45:00,11.9,8.32,"NHC"
2023-03-12 13:00:00,11.93,8.32,"NHC"
2023-03-12 13:15:00,11.94,8.32,"NHC"
2023-03-12 13:30:00,11.94,8.3,"NHC"
2023-03-12 13:45:00,11.94,8.3,"NHC"
2023-03-12 14:00:00,11.93,8.3,"NHC"
2023-03-12 14:15:00,11.95,8.3,"NHC"
2023-03-12 14:30:00,11.94,8.3,"NHC"
2023-03-12 14:45:00,11.94,8.3,"NHC"
2023-03-12 15:00:00,11.94,8.28,"NHC"
2023-03-12 15:15:00,11.94,8.28,"NHC"
2023-03-12 15:30:00,11.93,8.26,"NHC"
2023-03-12 15:45:00,11.93,8.26,"NHC"
2023-03-12 16:00:00,11.92,8.24,"NHC"
2023-03-12 16:15:00,11.91,8.24,"NHC"
2023-03-12 16:30:00,11.9,8.22,"NHC"
2023-03-12 16:45:00,11.88,8.2,"NHC"
2023-03-12 17:00:00,11.86,8.18,"NHC"
2023-03-12 17:15:00,11.82,8.18,"NHC"
2023-03-12 17:30:00,11.81,8.16,"NHC"
2023-03-12 17:45:00,11.78,8.14,"NHC"
2023-03-12 18:00:00,11.75,8.12,"NHC"
2023-03-12 18:15:00,11.72,8.12,"NHC"
2023-03-12 18:30:00,11.7,8.1,"NHC"
2023-03-12 18:45:00,11.66,8.08,"NHC"
2023-03-12 19:00:00,11.64,8.06,"NHC"
2023-03-12 19:15:00,11.61,8.04,"NHC"
2023-03-12 19:30:00,11.58,8.04,"NHC"
2023-03-12 19:45:00,11.56,8.02,"NHC"
2023-03-12 20:00:00,11.54,8,"NHC"
2023-03-12 20:15:00,11.53,7.98,"NHC"
2023-03-12 20:30:00,11.52,7.96,"NHC"
2023-03-12 20:45:00,11.5,7.96,"NHC"
2023-03-12 21:00:00,11.48,7.94,"NHC"
2023-03-12 21:15:00,11.48,7.94,"NHC"
2023-03-12 21:30:00,11.47,7.94,"NHC"
2023-03-12 21:45:00,11.46,7.92,"NHC"
2023-03-12 22:00:00,11.45,7.92,"NHC"
2023-03-12 22:15:00,11.44,7.92,"NHC"
2023-03-12 22:30:00,11.43,7.92,"NHC"
2023-03-12 22:45:00,11.42,7.92,"NHC"
2023-03-12 23:00:00,11.42,7.9,"NHC"
2023-03-12 23:15:00,11.4,7.9,"NHC"
2023-03-12 23:30:00,11.39,7.9,"NHC"
2023-03-12 23:45:00,11.4,7.9,"NHC"
2023-03-13,11.39,7.9,"NHC"
2023-03-13 00:15:00,11.37,7.9,"NHC"
2023-03-13 00:30:00,11.37,7.9,"NHC"
2023-03-13 00:45:00,11.36,7.9,"NHC"
2023-03-13 01:00:00,11.37,7.9,"NHC"
2023-03-13 01:15:00,11.36,7.9,"NHC"
2023-03-13 01:30:00,11.36,7.9,"NHC"
2023-03-13 01:45:00,11.36,7.88,"NHC"
2023-03-13 02:00:00,11.35,7.88,"NHC"
2023-03-13 02:15:00,11.36,7.88,"NHC"
2023-03-13 02:30:00,11.36,7.88,"NHC"
2023-03-13 02:45:00,11.36,7.88,"NHC"
2023-03-13 03:00:00,11.37,7.88,"NHC"
2023-03-13 03:15:00,11.36,7.88,"NHC"
2023-03-13 03:30:00,11.36,7.88,"NHC"
2023-03-13 03:45:00,11.37,7.88,"NHC"
2023-03-13 04:00:00,11.37,7.88,"NHC"
2023-03-13 04:15:00,11.38,7.86,"NHC"
2023-03-13 04:30:00,11.38,7.86,"NHC"
2023-03-13 04:45:00,11.39,7.86,"NHC"
2023-03-13 05:00:00,11.39,7.86,"NHC"
2023-03-13 05:15:00,11.39,7.86,"NHC"
2023-03-13 05:30:00,11.39,7.84,"NHC"
2023-03-13 05:45:00,11.4,7.84,"NHC"
2023-03-13 06:00:00,11.42,7.84,"NHC"
2023-03-13 06:15:00,11.42,7.82,"NHC"
2023-03-13 06:30:00,11.43,7.8,"NHC"
2023-03-13 06:45:00,11.43,7.8,"NHC"
2023-03-13 07:00:00,11.45,7.78,"NHC"
2023-03-13 07:15:00,11.48,7.78,"NHC"
2023-03-13 07:30:00,11.5,7.78,"NHC"
2023-03-13 07:45:00,11.54,7.78,"NHC"
2023-03-13 08:00:00,11.6,7.78,"NHC"
2023-03-13 08:15:00,11.65,7.78,"NHC"
2023-03-13 08:30:00,11.72,7.8,"NHC"
2023-03-13 08:45:00,11.79,7.8,"NHC"
2023-03-13 09:00:00,11.82,7.82,"NHC"
2023-03-13 09:15:00,11.9,7.86,"NHC"
2023-03-13 09:30:00,11.95,7.88,"NHC"
2023-03-13 09:45:00,12.01,7.92,"NHC"
2023-03-13 10:00:00,12.09,7.98,"NHC"
2023-03-13 10:15:00,12.14,8.08,"NHC"
2023-03-13 10:30:00,12.18,8.16,"NHC"
2023-03-13 10:45:00,12.22,8.3,"NHC"
2023-03-13 11:00:00,12.27,8.42,"NHC"
2023-03-13 11:15:00,12.28,8.52,"NHC"
2023-03-13 11:30:00,12.3,8.66,"NHC"
2023-03-13 11:45:00,12.33,8.84,"NHC"
2023-03-13 12:00:00,12.36,9.02,"NHC"
2023-03-13 12:15:00,12.36,9.22,"NHC"
2023-03-13 12:30:00,12.36,9.42,"NHC"
2023-03-13 12:45:00,12.35,9.64,"NHC"
2023-03-13 13:00:00,12.35,9.84,"NHC"
2023-03-13 13:15:00,12.3,9.98,"NHC"
2023-03-13 13:30:00,12.26,10.06,"NHC"
2023-03-13 13:45:00,12.22,10.16,"NHC"
2023-03-13 14:00:00,12.17,10.26,"NHC"
2023-03-13 14:15:00,12.1,10.32,"NHC"
2023-03-13 14:30:00,12.09,10.38,"NHC"
2023-03-13 14:45:00,12.05,10.46,"NHC"
2023-03-13 15:00:00,12.01,10.5,"NHC"
2023-03-13 15:15:00,12.01,10.54,"NHC"
2023-03-13 15:30:00,11.96,10.56,"NHC"
2023-03-13 15:45:00,11.93,10.56,"NHC"
2023-03-13 16:00:00,11.9,10.58,"NHC"
2023-03-13 16:15:00,11.87,10.58,"NHC"
2023-03-13 16:30:00,11.84,10.58,"NHC"
2023-03-13 16:45:00,11.79,10.56,"NHC"
2023-03-13 17:00:00,11.74,10.56,"NHC"
2023-03-13 17:15:00,11.67,10.54,"NHC"
2023-03-13 17:30:00,11.63,10.54,"NHC"
2023-03-13 17:45:00,11.56,10.52,"NHC"
2023-03-13 18:00:00,11.48,10.52,"NHC"
2023-03-13 18:15:00,11.39,10.5,"NHC"
2023-03-13 18:30:00,11.34,10.48,"NHC"
2023-03-13 18:45:00,11.25,10.46,"NHC"
2023-03-13 19:00:00,11.2,10.44,"NHC"
2023-03-13 19:15:00,11.15,10.4,"NHC"
2023-03-13 19:30:00,11.1,10.36,"NHC"
2023-03-13 19:45:00,11.06,10.32,"NHC"
2023-03-13 20:00:00,11.03,10.26,"NHC"
2023-03-13 20:15:00,11.02,10.2,"NHC"
2023-03-13 20:30:00,10.98,10.14,"NHC"
2023-03-13 20:45:00,10.98,10.06,"NHC"
2023-03-13 21:00:00,10.97,10,"NHC"
2023-03-13 21:15:00,10.95,9.92,"NHC"
2023-03-13 21:30:00,10.96,9.86,"NHC"
2023-03-13 21:45:00,10.94,9.8,"NHC"
2023-03-13 22:00:00,10.94,9.72,"NHC"
2023-03-13 22:15:00,10.94,9.66,"NHC"
2023-03-13 22:30:00,10.93,9.62,"NHC"
2023-03-13 22:45:00,10.94,9.56,"NHC"
2023-03-13 23:00:00,10.94,9.5,"NHC"
2023-03-13 23:15:00,10.94,9.46,"NHC"
2023-03-13 23:30:00,10.93,9.4,"NHC"
2023-03-13 23:45:00,10.94,9.36,"NHC"
2023-03-14,10.95,9.3,"NHC"
2023-03-14 00:15:00,10.95,9.26,"NHC"
2023-03-14 00:30:00,10.96,9.2,"NHC"
2023-03-14 00:45:00,10.98,9.14,"NHC"
2023-03-14 01:00:00,10.98,9.08,"NHC"
2023-03-14 01:15:00,11,9.04,"NHC"
2023-03-14 01:30:00,11.02,8.96,"NHC"
2023-03-14 01:45:00,11.03,8.9,"NHC"
2023-03-14 02:00:00,11.04,8.84,"NHC"
2023-03-14 02:15:00,11.07,8.76,"NHC"
2023-03-14 02:30:00,11.07,8.7,"NHC"
2023-03-14 02:45:00,11.09,8.62,"NHC"
2023-03-14 03:00:00,11.11,8.56,"NHC"
2023-03-14 03:15:00,11.12,8.48,"NHC"
2023-03-14 03:30:00,11.15,8.4,"NHC"
2023-03-14 03:45:00,11.18,8.34,"NHC"
2023-03-14 04:00:00,11.19,8.28,"NHC"
2023-03-14 04:15:00,11.21,8.22,"NHC"
2023-03-14 04:30:00,11.22,8.14,"NHC"
2023-03-14 04:45:00,11.24,8.08,"NHC"
2023-03-14 05:00:00,11.26,8.02,"NHC"
2023-03-14 05:15:00,11.28,7.96,"NHC"
2023-03-14 05:30:00,11.3,7.92,"NHC"
2023-03-14 05:45:00,11.31,7.86,"NHC"
2023-03-14 06:00:00,11.32,7.8,"NHC"
2023-03-14 06:15:00,11.35,7.74,"NHC"
2023-03-14 06:30:00,11.35,7.68,"NHC"
2023-03-14 06:45:00,11.38,7.62,"NHC"
2023-03-14 07:00:00,11.42,7.56,"NHC"
2023-03-14 07:15:00,11.43,7.5,"NHC"
2023-03-14 07:30:00,11.47,7.46,"NHC"
2023-03-14 07:45:00,11.5,7.4,"NHC"
2023-03-14 08:00:00,11.56,7.36,"NHC"
2023-03-14 08:15:00,11.61,7.34,"NHC"
2023-03-14 08:30:00,11.67,7.34,"NHC"
2023-03-14 08:45:00,11.75,7.34,"NHC"
2023-03-14 09:00:00,11.82,7.36,"NHC"
2023-03-14 09:15:00,11.88,7.36,"NHC"
2023-03-14 09:30:00,11.96,7.4,"NHC"
2023-03-14 09:45:00,12.04,7.44,"NHC"
2023-03-14 10:00:00,12.09,7.5,"NHC"
2023-03-14 10:15:00,12.16,7.58,"NHC"
2023-03-14 10:30:00,12.22,7.66,"NHC"
2023-03-14 10:45:00,12.28,7.76,"NHC"
2023-03-14 11:00:00,12.34,7.88,"NHC"
2023-03-14 11:15:00,12.4,8,"NHC"
2023-03-14 11:30:00,12.43,8.16,"NHC"
2023-03-14 11:45:00,12.46,8.32,"NHC"
2023-03-14 12:00:00,12.5,8.5,"NHC"
2023-03-14 12:15:00,12.51,8.7,"NHC"
2023-03-14 12:30:00,12.54,8.92,"NHC"
2023-03-14 12:45:00,12.55,9.14,"NHC"
2023-03-14 13:00:00,12.55,9.36,"NHC"
2023-03-14 13:15:00,12.52,9.56,"NHC"
2023-03-14 13:30:00,12.51,9.76,"NHC"
2023-03-14 13:45:00,12.49,9.96,"NHC"
2023-03-14 14:00:00,12.47,10.12,"NHC"
2023-03-14 14:15:00,12.46,10.28,"NHC"
2023-03-14 14:30:00,12.42,10.42,"NHC"
2023-03-14 14:45:00,12.37,10.54,"NHC"
2023-03-14 15:00:00,12.36,10.64,"NHC"
2023-03-14 15:15:00,12.31,10.68,"NHC"
2023-03-14 15:30:00,12.27,10.7,"NHC"
2023-03-14 15:45:00,12.22,10.68,"NHC"
2023-03-14 16:00:00,12.18,10.68,"NHC"
2023-03-14 16:15:00,12.12,10.64,"NHC"
2023-03-14 16:30:00,12.06,10.56,"NHC"
2023-03-14 16:45:00,12,10.5,"NHC"
2023-03-14 17:00:00,11.92,10.42,"NHC"
2023-03-14 17:15:00,11.86,10.34,"NHC"
2023-03-14 17:30:00,11.79,10.26,"NHC"
2023-03-14 17:45:00,11.73,10.18,"NHC"
2023-03-14 18:00:00,11.68,10.08,"NHC"
2023-03-14 18:15:00,11.63,10,"NHC"
2023-03-14 18:30:00,11.57,9.92,"NHC"
2023-03-14 18:45:00,11.52,9.84,"NHC"
2023-03-14 19:00:00,11.47,9.76,"NHC"
2023-03-14 19:15:00,11.43,9.66,"NHC"
2023-03-14 19:30:00,11.38,9.58,"NHC"
2023-03-14 19:45:00,11.35,9.5,"NHC"
2023-03-14 20:00:00,11.31,9.44,"NHC"
2023-03-14 20:15:00,11.29,9.36,"NHC"
2023-03-14 20:30:00,11.25,9.3,"NHC"
2023-03-14 20:45:00,11.24,9.26,"NHC"
2023-03-14 21:00:00,11.21,9.2,"NHC"
2023-03-14 21:15:00,11.2,9.14,"NHC"
2023-03-14 21:30:00,11.18,9.08,"NHC"
2023-03-14 21:45:00,11.18,9,"NHC"
2023-03-14 22:00:00,11.18,8.94,"NHC"
2023-03-14 22:15:00,11.17,8.88,"NHC"
2023-03-14 22:30:00,11.18,8.8,"NHC"
2023-03-14 22:45:00,11.18,8.74,"NHC"
2023-03-14 23:00:00,11.19,8.66,"NHC"
2023-03-14 23:15:00,11.2,8.58,"NHC"
2023-03-14 23:30:00,11.2,8.5,"NHC"
2023-03-14 23:45:00,11.22,8.42,"NHC"
2023-03-15,11.23,8.34,"NHC"
2023-03-15 00:15:00,11.24,8.24,"NHC"
2023-03-15 00:30:00,11.24,8.16,"NHC"
2023-03-15 00:45:00,11.29,8.06,"NHC"
2023-03-15 01:00:00,11.31,7.96,"NHC"
2023-03-15 01:15:00,11.32,7.88,"NHC"
2023-03-15 01:30:00,11.34,7.8,"NHC"
2023-03-15 01:45:00,11.34,7.72,"NHC"
2023-03-15 02:00:00,11.36,7.64,"NHC"
2023-03-15 02:15:00,11.38,7.56,"NHC"
2023-03-15 02:30:00,11.43,7.48,"NHC"
2023-03-15 02:45:00,11.44,7.42,"NHC"
2023-03-15 03:00:00,11.45,7.36,"NHC"
2023-03-15 03:15:00,11.48,7.3,"NHC"
2023-03-15 03:30:00,11.49,7.24,"NHC"
2023-03-15 03:45:00,11.5,7.18,"NHC"
2023-03-15 04:00:00,11.5,7.12,"NHC"
2023-03-15 04:15:00,11.52,7.06,"NHC"
2023-03-15 04:30:00,11.54,7,"NHC"
2023-03-15 04:45:00,11.58,6.94,"NHC"
2023-03-15 05:00:00,11.58,6.88,"NHC"
2023-03-15 05:15:00,11.61,6.84,"NHC"
2023-03-15 05:30:00,11.62,6.78,"NHC"
2023-03-15 05:45:00,11.64,6.72,"NHC"
2023-03-15 06:00:00,11.66,6.68,"NHC"
2023-03-15 06:15:00,11.68,6.62,"NHC"
2023-03-15 06:30:00,11.71,6.56,"NHC"
2023-03-15 06:45:00,11.72,6.52,"NHC"
2023-03-15 07:00:00,11.73,6.48,"NHC"
2023-03-15 07:15:00,11.78,6.42,"NHC"
2023-03-15 07:30:00,11.8,6.36,"NHC"
2023-03-15 07:45:00,11.85,6.34,"NHC"
2023-03-15 08:00:00,11.9,6.3,"NHC"
2023-03-15 08:15:00,11.95,6.26,"NHC"
2023-03-15 08:30:00,12.01,6.26,"NHC"
2023-03-15 08:45:00,12.12,6.26,"NHC"
2023-03-15 09:00:00,12.18,6.26,"NHC"
2023-03-15 09:15:00,12.26,6.28,"NHC"
2023-03-15 09:30:00,12.34,6.3,"NHC"
2023-03-15 09:45:00,12.43,6.36,"NHC"
2023-03-15 10:00:00,12.49,6.44,"NHC"
2023-03-15 10:15:00,12.57,6.5,"NHC"
2023-03-15 10:30:00,12.64,6.58,"NHC"
2023-03-15 10:45:00,12.7,6.68,"NHC"
2023-03-15 11:00:00,12.76,6.8,"NHC"
2023-03-15 11:15:00,12.82,6.94,"NHC"
2023-03-15 11:30:00,12.85,7.08,"NHC"
2023-03-15 11:45:00,12.9,7.24,"NHC"
2023-03-15 12:00:00,12.93,7.42,"NHC"
2023-03-15 12:15:00,12.97,7.62,"NHC"
2023-03-15 12:30:00,12.99,7.82,"NHC"
2023-03-15 12:45:00,12.99,8.04,"NHC"
2023-03-15 13:00:00,12.99,8.28,"NHC"
2023-03-15 13:15:00,12.99,8.52,"NHC"
2023-03-15 13:30:00,12.96,8.76,"NHC"
2023-03-15 13:45:00,12.96,9,"NHC"
2023-03-15 14:00:00,12.91,9.2,"NHC"
2023-03-15 14:15:00,12.87,9.4,"NHC"
2023-03-15 14:30:00,12.85,9.58,"NHC"
2023-03-15 14:45:00,12.8,9.76,"NHC"
2023-03-15 15:00:00,12.75,9.88,"NHC"
2023-03-15 15:15:00,12.71,9.98,"NHC"
2023-03-15 15:30:00,12.66,10.06,"NHC"
2023-03-15 15:45:00,12.6,10.1,"NHC"
2023-03-15 16:00:00,12.54,10.14,"NHC"
2023-03-15 16:15:00,12.47,10.16,"NHC"
2023-03-15 16:30:00,12.4,10.14,"NHC"
2023-03-15 16:45:00,12.33,10.12,"NHC"
2023-03-15 17:00:00,12.27,10.08,"NHC"
2023-03-15 17:15:00,12.18,10.04,"NHC"
2023-03-15 17:30:00,12.1,10.02,"NHC"
2023-03-15 17:45:00,12.03,9.98,"NHC"
2023-03-15 18:00:00,11.95,9.94,"NHC"
2023-03-15 18:15:00,11.9,9.9,"NHC"
2023-03-15 18:30:00,11.84,9.82,"NHC"
2023-03-15 18:45:00,11.75,9.76,"NHC"
2023-03-15 19:00:00,11.7,9.7,"NHC"
2023-03-15 19:15:00,11.64,9.64,"NHC"
2023-03-15 19:30:00,11.6,9.58,"NHC"
2023-03-15 19:45:00,11.56,9.5,"NHC"
2023-03-15 20:00:00,11.51,9.42,"NHC"
2023-03-15 20:15:00,11.47,9.36,"NHC"
2023-03-15 20:30:00,11.46,9.28,"NHC"
2023-03-15 20:45:00,11.4,9.22,"NHC"
2023-03-15 21:00:00,11.38,9.16,"NHC"
2023-03-15 21:15:00,11.35,9.1,"NHC"
2023-03-15 21:30:00,11.34,9.04,"NHC"
2023-03-15 21:45:00,11.32,9,"NHC"
2023-03-15 22:00:00,11.31,8.94,"NHC"
2023-03-15 22:15:00,11.28,8.92,"NHC"
2023-03-15 22:30:00,11.25,8.86,"NHC"
2023-03-15 22:45:00,11.25,8.82,"NHC"
2023-03-15 23:00:00,11.23,8.78,"NHC"
2023-03-15 23:15:00,11.22,8.72,"NHC"
2023-03-15 23:30:00,11.21,8.68,"NHC"
2023-03-15 23:45:00,11.21,8.64,"NHC"
2023-03-16,11.2,8.6,"NHC"
2023-03-16 00:15:00,11.2,8.54,"NHC"
2023-03-16 00:30:00,11.2,8.48,"NHC"
2023-03-16 00:45:00,11.2,8.42,"NHC"
2023-03-16 01:00:00,11.21,8.36,"NHC"
2023-03-16 01:15:00,11.21,8.3,"NHC"
2023-03-16 01:30:00,11.22,8.2,"NHC"
2023-03-16 01:45:00,11.23,8.14,"NHC"
2023-03-16 02:00:00,11.25,8.06,"NHC"
2023-03-16 02:15:00,11.26,7.98,"NHC"
2023-03-16 02:30:00,11.29,7.9,"NHC"
2023-03-16 02:45:00,11.3,7.82,"NHC"
2023-03-16 03:00:00,11.33,7.72,"NHC"
2023-03-16 03:15:00,11.35,7.66,"NHC"
2023-03-16 03:30:00,11.37,7.56,"NHC"
2023-03-16 03:45:00,11.37,7.48,"NHC"
2023-03-16 04:00:00,11.42,7.4,"NHC"
2023-03-16 04:15:00,11.44,7.34,"NHC"
2023-03-16 04:30:00,11.45,7.26,"NHC"
2023-03-16 04:45:00,11.48,7.18,"NHC"
2023-03-16 05:00:00,11.49,7.1,"NHC"
2023-03-16 05:15:00,11.53,7.04,"NHC"
2023-03-16 05:30:00,11.54,6.98,"NHC"
2023-03-16 05:45:00,11.57,6.9,"NHC"
2023-03-16 06:00:00,11.57,6.84,"NHC"
2023-03-16 06:15:00,11.6,6.78,"NHC"
2023-03-16 06:30:00,11.62,6.72,"NHC"
2023-03-16 06:45:00,11.64,6.66,"NHC"
2023-03-16 07:00:00,11.65,6.6,"NHC"
2023-03-16 07:15:00,11.71,6.56,"NHC"
2023-03-16 07:30:00,11.73,6.5,"NHC"
2023-03-16 07:45:00,11.78,6.46,"NHC"
2023-03-16 08:00:00,11.81,6.44,"NHC"
2023-03-16 08:15:00,11.87,6.4,"NHC"
2023-03-16 08:30:00,11.95,6.4,"NHC"
2023-03-16 08:45:00,12.04,6.4,"NHC"
2023-03-16 09:00:00,12.09,6.44,"NHC"
2023-03-16 09:15:00,12.19,6.48,"NHC"
2023-03-16 09:30:00,12.26,6.54,"NHC"
2023-03-16 09:45:00,12.34,6.64,"NHC"
2023-03-16 10:00:00,12.41,6.74,"NHC"
2023-03-16 10:15:00,12.5,6.84,"NHC"
2023-03-16 10:30:00,12.57,6.98,"NHC"
2023-03-16 10:45:00,12.63,7.12,"NHC"
2023-03-16 11:00:00,12.69,7.26,"NHC"
2023-03-16 11:15:00,12.75,7.42,"NHC"
2023-03-16 11:30:00,12.78,7.58,"NHC"
2023-03-16 11:45:00,12.85,7.76,"NHC"
2023-03-16 12:00:00,12.89,7.94,"NHC"
2023-03-16 12:15:00,12.9,8.14,"NHC"
2023-03-16 12:30:00,12.93,8.36,"NHC"
2023-03-16 12:45:00,12.94,8.58,"NHC"
2023-03-16 13:00:00,12.96,8.84,"NHC"
2023-03-16 13:15:00,12.97,9.06,"NHC"
2023-03-16 13:30:00,12.96,9.32,"NHC"
2023-03-16 13:45:00,12.93,9.58,"NHC"
2023-03-16 14:00:00,12.89,9.8,"NHC"
2023-03-16 14:15:00,12.86,10,"NHC"
2023-03-16 14:30:00,12.84,10.18,"NHC"
2023-03-16 14:45:00,12.8,10.34,"NHC"
2023-03-16 15:00:00,12.78,10.48,"NHC"
2023-03-16 15:15:00,12.72,10.62,"NHC"
2023-03-16 15:30:00,12.68,10.72,"NHC"
2023-03-16 15:45:00,12.64,10.84,"NHC"
2023-03-16 16:00:00,12.58,10.92,"NHC"
2023-03-16 16:15:00,12.51,10.96,"NHC"
2023-03-16 16:30:00,12.46,11,"NHC"
2023-03-16 16:45:00,12.4,11,"NHC"
2023-03-16 17:00:00,12.31,11,"NHC"
2023-03-16 17:15:00,12.19,11,"NHC"
2023-03-16 17:30:00,12.14,11,"NHC"
2023-03-16 17:45:00,12.06,10.98,"NHC"
2023-03-16 18:00:00,11.93,10.98,"NHC"
2023-03-16 18:15:00,11.87,10.96,"NHC"
2023-03-16 18:30:00,11.79,10.92,"NHC"
2023-03-16 18:45:00,11.7,10.86,"NHC"
2023-03-16 19:00:00,11.62,10.82,"NHC"
2023-03-16 19:15:00,11.53,10.76,"NHC"
2023-03-16 19:30:00,11.47,10.7,"NHC"
2023-03-16 19:45:00,11.38,10.62,"NHC"
2023-03-16 20:00:00,11.35,10.56,"NHC"
2023-03-16 20:15:00,11.28,10.5,"NHC"
2023-03-16 20:30:00,11.22,10.44,"NHC"
2023-03-16 20:45:00,11.19,10.4,"NHC"
2023-03-16 21:00:00,11.16,10.34,"NHC"
2023-03-16 21:15:00,11.11,10.3,"NHC"
2023-03-16 21:30:00,11.08,10.24,"NHC"
2023-03-16 21:45:00,11.05,10.2,"NHC"
2023-03-16 22:00:00,11.03,10.18,"NHC"
2023-03-16 22:15:00,11.01,10.14,"NHC"
2023-03-16 22:30:00,10.97,10.12,"NHC"
2023-03-16 22:45:00,10.96,10.1,"NHC"
2023-03-16 23:00:00,10.93,10.08,"NHC"
2023-03-16 23:15:00,10.9,10.06,"NHC"
2023-03-16 23:30:00,10.89,10.04,"NHC"
2023-03-16 23:45:00,10.87,10.02,"NHC"
2023-03-17,10.84,10,"NHC"
2023-03-17 00:15:00,10.83,9.98,"NHC"
2023-03-17 00:30:00,10.8,9.96,"NHC"
2023-03-17 00:45:00,10.8,9.96,"NHC"
2023-03-17 01:00:00,10.78,9.94,"NHC"
2023-03-17 01:15:00,10.75,9.92,"NHC"
2023-03-17 01:30:00,10.77,9.9,"NHC"
2023-03-17 01:45:00,10.75,9.88,"NHC"
2023-03-17 02:00:00,10.74,9.84,"NHC"
2023-03-17 02:15:00,10.74,9.82,"NHC"
2023-03-17 02:30:00,10.73,9.78,"NHC"
2023-03-17 02:45:00,10.73,9.74,"NHC"
2023-03-17 03:00:00,10.74,9.68,"NHC"
2023-03-17 03:15:00,10.74,9.64,"NHC"
2023-03-17 03:30:00,10.72,9.6,"NHC"
2023-03-17 03:45:00,10.75,9.54,"NHC"
2023-03-17 04:00:00,10.74,9.5,"NHC"
2023-03-17 04:15:00,10.76,9.44,"NHC"
2023-03-17 04:30:00,10.77,9.38,"NHC"
2023-03-17 04:45:00,10.77,9.34,"NHC"
2023-03-17 05:00:00,10.78,9.28,"NHC"
2023-03-17 05:15:00,10.8,9.22,"NHC"
2023-03-17 05:30:00,10.79,9.18,"NHC"
2023-03-17 05:45:00,10.8,9.12,"NHC"
2023-03-17 06:00:00,10.82,9.08,"NHC"
2023-03-17 06:15:00,10.82,9.06,"NHC"
2023-03-17 06:30:00,10.83,9.02,"NHC"
2023-03-17 06:45:00,10.84,9,"NHC"
2023-03-17 07:00:00,10.87,8.96,"NHC"
2023-03-17 07:15:00,10.92,8.96,"NHC"
2023-03-17 07:30:00,10.93,8.96,"NHC"
2023-03-17 07:45:00,10.96,8.96,"NHC"
2023-03-17 08:00:00,11,8.96,"NHC"
2023-03-17 08:15:00,11.05,8.98,"NHC"
2023-03-17 08:30:00,11.1,9,"NHC"
2023-03-17 08:45:00,11.17,9.04,"NHC"
2023-03-17 09:00:00,11.24,9.1,"NHC"
2023-03-17 09:15:00,11.37,9.16,"NHC"
2023-03-17 09:30:00,11.45,9.24,"NHC"
2023-03-17 09:45:00,11.54,9.34,"NHC"
2023-03-17 10:00:00,11.61,9.42,"NHC"
2023-03-17 10:15:00,11.68,9.52,"NHC"
2023-03-17 10:30:00,11.77,9.62,"NHC"
2023-03-17 10:45:00,11.85,9.74,"NHC"
2023-03-17 11:00:00,11.93,9.88,"NHC"
2023-03-17 11:15:00,12.01,10.04,"NHC"
2023-03-17 11:30:00,12.06,10.18,"NHC"
2023-03-17 11:45:00,12.06,10.3,"NHC"
2023-03-17 12:00:00,12.09,10.38,"NHC"
2023-03-17 12:15:00,12.1,10.44,"NHC"
2023-03-17 12:30:00,12.1,10.52,"NHC"
2023-03-17 12:45:00,12.09,10.64,"NHC"
2023-03-17 13:00:00,12.12,10.74,"NHC"
2023-03-17 13:15:00,12.08,10.86,"NHC"
2023-03-17 13:30:00,12.05,10.92,"NHC"
2023-03-17 13:45:00,12.01,10.98,"NHC"
2023-03-17 14:00:00,11.94,11.02,"NHC"
2023-03-17 14:15:00,11.89,11.06,"NHC"
2023-03-17 14:30:00,11.85,11.1,"NHC"
2023-03-17 14:45:00,11.78,11.14,"NHC"
2023-03-17 15:00:00,11.73,11.18,"NHC"
2023-03-17 15:15:00,11.71,11.24,"NHC"
2023-03-17 15:30:00,11.65,11.28,"NHC"
2023-03-17 15:45:00,11.6,11.34,"NHC"
2023-03-17 16:00:00,11.54,11.36,"NHC"
2023-03-17 16:15:00,11.49,11.38,"NHC"
2023-03-17 16:30:00,11.47,11.4,"NHC"
2023-03-17 16:45:00,11.45,11.44,"NHC"
2023-03-17 17:00:00,11.44,11.46,"NHC"
2023-03-17 17:15:00,11.37,11.5,"NHC"
2023-03-17 17:30:00,11.32,11.5,"NHC"
2023-03-17 17:45:00,11.28,11.52,"NHC"
2023-03-17 18:00:00,11.21,11.52,"NHC"
2023-03-17 18:15:00,11.14,11.54,"NHC"
2023-03-17 18:30:00,11.08,11.54,"NHC"
2023-03-17 18:45:00,11.03,11.52,"NHC"
2023-03-17 19:00:00,10.96,11.52,"NHC"
2023-03-17 19:15:00,10.89,11.54,"NHC"
2023-03-17 19:30:00,10.83,11.54,"NHC"
2023-03-17 19:45:00,10.78,11.54,"NHC"
2023-03-17 20:00:00,10.73,11.54,"NHC"
2023-03-17 20:15:00,10.67,11.54,"NHC"
2023-03-17 20:30:00,10.64,11.56,"NHC"
2023-03-17 20:45:00,10.59,11.56,"NHC"
2023-03-17 21:00:00,10.55,11.56,"NHC"
2023-03-17 21:15:00,10.52,11.58,"NHC"
2023-03-17 21:30:00,10.5,11.58,"NHC"
2023-03-17 21:45:00,10.46,11.58,"NHC"
2023-03-17 22:00:00,10.42,11.6,"NHC"
2023-03-17 22:15:00,10.4,11.6,"NHC"
2023-03-17 22:30:00,10.37,11.62,"NHC"
2023-03-17 22:45:00,10.35,11.64,"NHC"
2023-03-17 23:00:00,10.35,11.64,"NHC"
2023-03-17 23:15:00,10.32,11.66,"NHC"
2023-03-17 23:30:00,10.3,11.68,"NHC"
2023-03-17 23:45:00,10.28,11.68,"NHC"
2023-03-18,10.25,11.7,"NHC"
2023-03-18 00:15:00,10.24,11.72,"NHC"
2023-03-18 00:30:00,10.23,11.74,"NHC"
2023-03-18 00:45:00,10.22,11.76,"NHC"
2023-03-18 01:00:00,10.21,11.78,"NHC"
2023-03-18 01:15:00,10.2,11.8,"NHC"
2023-03-18 01:30:00,10.17,11.8,"NHC"
2023-03-18 01:45:00,10.16,11.8,"NHC"
2023-03-18 02:00:00,10.13,11.82,"NHC"
2023-03-18 02:15:00,10.12,11.82,"NHC"
2023-03-18 02:30:00,10.11,11.84,"NHC"
2023-03-18 02:45:00,10.1,11.84,"NHC"
2023-03-18 03:00:00,10.08,11.84,"NHC"
2023-03-18 03:15:00,10.07,11.84,"NHC"
2023-03-18 03:30:00,10.07,11.82,"NHC"
2023-03-18 03:45:00,10.05,11.82,"NHC"
2023-03-18 04:00:00,10.05,11.8,"NHC"
2023-03-18 04:15:00,10.06,11.78,"NHC"
2023-03-18 04:30:00,10.05,11.76,"NHC"
2023-03-18 04:45:00,10.05,11.74,"NHC"
2023-03-18 05:00:00,10.06,11.72,"NHC"
2023-03-18 05:15:00,10.08,11.7,"NHC"
2023-03-18 05:30:00,10.08,11.66,"NHC"
2023-03-18 05:45:00,10.09,11.64,"NHC"
2023-03-18 06:00:00,10.1,11.62,"NHC"
2023-03-18 06:15:00,10.1,11.6,"NHC"
2023-03-18 06:30:00,10.12,11.58,"NHC"
2023-03-18 06:45:00,10.16,11.54,"NHC"
2023-03-18 07:00:00,10.18,11.52,"NHC"
2023-03-18 07:15:00,10.22,11.5,"NHC"
2023-03-18 07:30:00,10.25,11.48,"NHC"
2023-03-18 07:45:00,10.31,11.46,"NHC"
2023-03-18 08:00:00,10.39,11.44,"NHC"
2023-03-18 08:15:00,10.45,11.42,"NHC"
2023-03-18 08:30:00,10.53,11.38,"NHC"
2023-03-18 08:45:00,10.61,11.36,"NHC"
2023-03-18 09:00:00,10.68,11.32,"NHC"
2023-03-18 09:15:00,10.76,11.3,"NHC"
2023-03-18 09:30:00,10.83,11.3,"NHC"
2023-03-18 09:45:00,10.91,11.28,"NHC"
2023-03-18 10:00:00,10.97,11.3,"NHC"
2023-03-18 10:15:00,11.03,11.32,"NHC"
2023-03-18 10:30:00,11.08,11.36,"NHC"
2023-03-18 10:45:00,11.14,11.42,"NHC"
2023-03-18 11:00:00,11.19,11.5,"NHC"
2023-03-18 11:15:00,11.22,11.58,"NHC"
2023-03-18 11:30:00,11.25,11.7,"NHC"
2023-03-18 11:45:00,11.26,11.84,"NHC"
2023-03-18 12:00:00,11.26,11.98,"NHC"
2023-03-18 12:15:00,11.29,12.12,"NHC"
2023-03-18 12:30:00,11.26,12.28,"NHC"
2023-03-18 12:45:00,11.26,12.44,"NHC"
2023-03-18 13:00:00,11.24,12.6,"NHC"
2023-03-18 13:15:00,11.21,12.76,"NHC"
2023-03-18 13:30:00,11.18,12.86,"NHC"
2023-03-18 13:45:00,11.14,12.96,"NHC"
2023-03-18 14:00:00,11.1,13.04,"NHC"
2023-03-18 14:15:00,11.07,13.12,"NHC"
2023-03-18 14:30:00,11.03,13.2,"NHC"
2023-03-18 14:45:00,11,13.28,"NHC"
2023-03-18 15:00:00,10.94,13.36,"NHC"
2023-03-18 15:15:00,10.91,13.42,"NHC"
2023-03-18 15:30:00,10.86,13.46,"NHC"
2023-03-18 15:45:00,10.8,13.48,"NHC"
2023-03-18 16:00:00,10.75,13.48,"NHC"
2023-03-18 16:15:00,10.69,13.48,"NHC"
2023-03-18 16:30:00,10.63,13.46,"NHC"
2023-03-18 16:45:00,10.59,13.42,"NHC"
2023-03-18 17:00:00,10.53,13.38,"NHC"
2023-03-18 17:15:00,10.49,13.32,"NHC"
2023-03-18 17:30:00,10.45,13.26,"NHC"
2023-03-18 17:45:00,10.41,13.18,"NHC"
2023-03-18 18:00:00,10.38,13.12,"NHC"
2023-03-18 18:15:00,10.35,13.04,"NHC"
2023-03-18 18:30:00,10.32,12.96,"NHC"
2023-03-18 18:45:00,10.28,12.88,"NHC"
2023-03-18 19:00:00,10.27,12.82,"NHC"
2023-03-18 19:15:00,10.26,12.76,"NHC"
2023-03-18 19:30:00,10.25,12.68,"NHC"
2023-03-18 19:45:00,10.24,12.64,"NHC"
2023-03-18 20:00:00,10.23,12.58,"NHC"
2023-03-18 20:15:00,10.23,12.52,"NHC"
2023-03-18 20:30:00,10.24,12.48,"NHC"
2023-03-18 20:45:00,10.24,12.44,"NHC"
2023-03-18 21:00:00,10.24,12.4,"NHC"
2023-03-18 21:15:00,10.26,12.34,"NHC"
2023-03-18 21:30:00,10.25,12.3,"NHC"
2023-03-18 21:45:00,10.26,12.24,"NHC"
2023-03-18 22:00:00,10.26,12.2,"NHC"
2023-03-18 22:15:00,10.28,12.14,"NHC"
2023-03-18 22:30:00,10.3,12.1,"NHC"
2023-03-18 22:45:00,10.3,12.06,"NHC"
2023-03-18 23:00:00,10.32,12,"NHC"
2023-03-18 23:15:00,10.32,11.94,"NHC"
2023-03-18 23:30:00,10.34,11.9,"NHC"
2023-03-18 23:45:00,10.34,11.84,"NHC"
2023-03-19,10.35,11.8,"NHC"
2023-03-19 00:15:00,10.37,11.74,"NHC"
2023-03-19 00:30:00,10.37,11.7,"NHC"
2023-03-19 00:45:00,10.38,11.64,"NHC"
2023-03-19 01:00:00,10.4,11.6,"NHC"
2023-03-19 01:15:00,10.4,11.54,"NHC"
2023-03-19 01:30:00,10.42,11.5,"NHC"
2023-03-19 01:45:00,10.44,11.44,"NHC"
2023-03-19 02:00:00,10.45,11.4,"NHC"
2023-03-19 02:15:00,10.47,11.34,"NHC"
2023-03-19 02:30:00,10.47,11.28,"NHC"
2023-03-19 02:45:00,10.49,11.24,"NHC"
2023-03-19 03:00:00,10.51,11.18,"NHC"
2023-03-19 03:15:00,10.52,11.12,"NHC"
2023-03-19 03:30:00,10.53,11.06,"NHC"
2023-03-19 03:45:00,10.54,11,"NHC"
2023-03-19 04:00:00,10.56,10.94,"NHC"
2023-03-19 04:15:00,10.58,10.88,"NHC"
2023-03-19 04:30:00,10.6,10.84,"NHC"
2023-03-19 04:45:00,10.62,10.78,"NHC"
2023-03-19 05:00:00,10.62,10.72,"NHC"
2023-03-19 05:15:00,10.64,10.64,"NHC"
2023-03-19 05:30:00,10.66,10.58,"NHC"
2023-03-19 05:45:00,10.67,10.52,"NHC"
2023-03-19 06:00:00,10.69,10.46,"NHC"
2023-03-19 06:15:00,10.73,10.38,"NHC"
2023-03-19 06:30:00,10.73,10.32,"NHC"
2023-03-19 06:45:00,10.75,10.26,"NHC"
2023-03-19 07:00:00,10.77,10.2,"NHC"
2023-03-19 07:15:00,10.79,10.14,"NHC"
2023-03-19 07:30:00,10.82,10.08,"NHC"
2023-03-19 07:45:00,10.86,10.02,"NHC"
2023-03-19 08:00:00,10.9,9.96,"NHC"
2023-03-19 08:15:00,10.96,9.92,"NHC"
2023-03-19 08:30:00,11.02,9.88,"NHC"
2023-03-19 08:45:00,11.08,9.86,"NHC"
2023-03-19 09:00:00,11.14,9.82,"NHC"
2023-03-19 09:15:00,11.19,9.8,"NHC"
2023-03-19 09:30:00,11.26,9.8,"NHC"
2023-03-19 09:45:00,11.34,9.82,"NHC"
2023-03-19 10:00:00,11.39,9.86,"NHC"
2023-03-19 10:15:00,11.46,9.9,"NHC"
2023-03-19 10:30:00,11.54,9.98,"NHC"
2023-03-19 10:45:00,11.61,10.08,"NHC"
2023-03-19 11:00:00,11.66,10.22,"NHC"
2023-03-19 11:15:00,11.72,10.36,"NHC"
2023-03-19 11:30:00,11.75,10.5,"NHC"
2023-03-19 11:45:00,11.78,10.64,"NHC"
2023-03-19 12:00:00,11.82,10.82,"NHC"
2023-03-19 12:15:00,11.85,11,"NHC"
2023-03-19 12:30:00,11.86,11.16,"NHC"
2023-03-19 12:45:00,11.87,11.34,"NHC"
2023-03-19 13:00:00,11.88,11.5,"NHC"
2023-03-19 13:15:00,11.87,11.64,"NHC"
2023-03-19 13:30:00,11.87,11.78,"NHC"
2023-03-19 13:45:00,11.86,11.9,"NHC"
2023-03-19 14:00:00,11.85,12.02,"NHC"
2023-03-19 14:15:00,11.81,12.12,"NHC"
2023-03-19 14:30:00,11.8,12.18,"NHC"
2023-03-19 14:45:00,11.78,12.24,"NHC"
2023-03-19 15:00:00,11.74,12.28,"NHC"
2023-03-19 15:15:00,11.68,12.3,"NHC"
2023-03-19 15:30:00,11.65,12.3,"NHC"
2023-03-19 15:45:00,11.61,12.3,"NHC"
2023-03-19 16:00:00,11.56,12.28,"NHC"
2023-03-19 16:15:00,11.5,12.24,"NHC"
2023-03-19 16:30:00,11.43,12.2,"NHC"
2023-03-19 16:45:00,11.35,12.18,"NHC"
2023-03-19 17:00:00,11.29,12.14,"NHC"
2023-03-19 17:15:00,11.22,12.1,"NHC"
2023-03-19 17:30:00,11.15,12.06,"NHC"
2023-03-19 17:45:00,11.08,12.02,"NHC"
2023-03-19 18:00:00,11.03,11.98,"NHC"
2023-03-19 18:15:00,10.96,11.92,"NHC"
2023-03-19 18:30:00,10.91,11.86,"NHC"
2023-03-19 18:45:00,10.86,11.78,"NHC"
2023-03-19 19:00:00,10.81,11.72,"NHC"
2023-03-19 19:15:00,10.78,11.62,"NHC"
2023-03-19 19:30:00,10.74,11.54,"NHC"
2023-03-19 19:45:00,10.73,11.44,"NHC"
2023-03-19 20:00:00,10.7,11.34,"NHC"
2023-03-19 20:15:00,10.69,11.24,"NHC"
2023-03-19 20:30:00,10.69,11.14,"NHC"
2023-03-19 20:45:00,10.68,11.02,"NHC"
2023-03-19 21:00:00,10.68,10.92,"NHC"
2023-03-19 21:15:00,10.69,10.82,"NHC"
2023-03-19 21:30:00,10.69,10.72,"NHC"
2023-03-19 21:45:00,10.7,10.6,"NHC"
2023-03-19 22:00:00,10.72,10.5,"NHC"
2023-03-19 22:15:00,10.74,10.4,"NHC"
2023-03-19 22:30:00,10.74,10.3,"NHC"
2023-03-19 22:45:00,10.76,10.22,"NHC"
2023-03-19 23:00:00,10.76,10.12,"NHC"
2023-03-19 23:15:00,10.78,10.04,"NHC"
2023-03-19 23:30:00,10.79,9.96,"NHC"
2023-03-19 23:45:00,10.8,9.86,"NHC"
2023-03-20,10.83,9.78,"NHC"
2023-03-20 00:15:00,10.86,9.72,"NHC"
2023-03-20 00:30:00,10.87,9.66,"NHC"
2023-03-20 00:45:00,10.89,9.58,"NHC"
2023-03-20 01:00:00,10.91,9.52,"NHC"
2023-03-20 01:15:00,10.92,9.44,"NHC"
2023-03-20 01:30:00,10.94,9.38,"NHC"
2023-03-20 01:45:00,10.96,9.3,"NHC"
2023-03-20 02:00:00,10.97,9.24,"NHC"
2023-03-20 02:15:00,11,9.16,"NHC"
2023-03-20 02:30:00,11.03,9.08,"NHC"
2023-03-20 02:45:00,11.04,9,"NHC"
2023-03-20 03:00:00,11.06,8.92,"NHC"
2023-03-20 03:15:00,11.08,8.84,"NHC"
2023-03-20 03:30:00,11.1,8.76,"NHC"
2023-03-20 03:45:00,11.14,8.68,"NHC"
2023-03-20 04:00:00,11.15,8.62,"NHC"
2023-03-20 04:15:00,11.19,8.54,"NHC"
2023-03-20 04:30:00,11.2,8.46,"NHC"
2023-03-20 04:45:00,11.21,8.4,"NHC"
2023-03-20 05:00:00,11.23,8.34,"NHC"
2023-03-20 05:15:00,11.26,8.26,"NHC"
2023-03-20 05:30:00,11.28,8.2,"NHC"
2023-03-20 05:45:00,11.31,8.14,"NHC"
2023-03-20 06:00:00,11.31,8.06,"NHC"
2023-03-20 06:15:00,11.35,8,"NHC"
2023-03-20 06:30:00,11.36,7.94,"NHC"
2023-03-20 06:45:00,11.38,7.88,"NHC"
2023-03-20 07:00:00,11.4,7.82,"NHC"
2023-03-20 07:15:00,11.44,7.76,"NHC"
2023-03-20 07:30:00,11.47,7.72,"NHC"
2023-03-20 07:45:00,11.52,7.68,"NHC"
2023-03-20 08:00:00,11.58,7.66,"NHC"
2023-03-20 08:15:00,11.62,7.64,"NHC"
2023-03-20 08:30:00,11.71,7.64,"NHC"
2023-03-20 08:45:00,11.77,7.66,"NHC"
2023-03-20 09:00:00,11.84,7.66,"NHC"
2023-03-20 09:15:00,11.88,7.7,"NHC"
2023-03-20 09:30:00,11.98,7.76,"NHC"
2023-03-20 09:45:00,12.03,7.82,"NHC"
2023-03-20 10:00:00,12.09,7.9,"NHC"
2023-03-20 10:15:00,12.16,8,"NHC"
2023-03-20 10:30:00,12.22,8.08,"NHC"
2023-03-20 10:45:00,12.28,8.22,"NHC"
2023-03-20 11:00:00,12.33,8.36,"NHC"
2023-03-20 11:15:00,12.37,8.52,"NHC"
2023-03-20 11:30:00,12.42,8.7,"NHC"
2023-03-20 11:45:00,12.45,8.9,"NHC"
2023-03-20 12:00:00,12.49,9.1,"NHC"
2023-03-20 12:15:00,12.5,9.32,"NHC"
2023-03-20 12:30:00,12.51,9.56,"NHC"
2023-03-20 12:45:00,12.51,9.8,"NHC"
2023-03-20 13:00:00,12.52,10.04,"NHC"
2023-03-20 13:15:00,12.5,10.26,"NHC"
2023-03-20 13:30:00,12.5,10.46,"NHC"
2023-03-20 13:42:37,NA,NA,"NHC"
2023-03-20 13:42:47,NA,NA,"NHC"
2023-03-20 13:42:49,NA,NA,"NHC"
